month,CDIcomp,CDIprod,CDInounprod,noCDI,CDInouncomp,CHI,CHItypes,obs_1stpoint_mo,obs_1stprodN_mo,obs_1stprod_any_mo,obs_walk3_mo,obs_walk10_mo,rep_1stpoint_mo,rep_1stprodN_mo,rep_1stprod_any_mo,rep_walk3_mo,rep_1stcomp_any_mo,rep_1stcompN_mo,obs3w,rep3w,obsp,repp,obst,rept,firstpoint_mo,firstwalk_mo,walk_experience,point_experience,walk_experience_zeros,point_experience_zeros,firstpoint_obs,firstwalk_obs,obs_point_exp,obs_walk_exp,subj
6,3,0,0,FALSE,1,0,0,11,12,11,12,12,6,11,11,11,6,6,FALSE,FALSE,FALSE,TRUE,FALSE,FALSE,6,11,-5,0,0,0,11,12,-5,-6,794
7,5,0,0,FALSE,2,0,0,11,12,11,12,12,6,11,11,11,6,6,FALSE,FALSE,FALSE,TRUE,FALSE,FALSE,6,11,-4,1,0,1,11,12,-4,-5,794
8,18,0,0,FALSE,11,0,0,11,12,11,12,12,6,11,11,11,6,6,FALSE,FALSE,FALSE,TRUE,FALSE,FALSE,6,11,-3,2,0,2,11,12,-3,-4,794
9,23,0,0,FALSE,14,0,0,11,12,11,12,12,6,11,11,11,6,6,FALSE,FALSE,FALSE,TRUE,FALSE,FALSE,6,11,-2,3,0,3,11,12,-2,-3,794
10,49,0,0,FALSE,32,0,0,11,12,11,12,12,6,11,11,11,6,6,FALSE,FALSE,FALSE,TRUE,FALSE,FALSE,6,11,-1,4,0,4,11,12,-1,-2,794
11,71,6,3,FALSE,41,0,0,11,12,11,12,12,6,11,11,11,6,6,FALSE,TRUE,TRUE,TRUE,TRUE,TRUE,6,11,0,5,0,5,11,12,0,-1,794
12,108,14,6,FALSE,66,25,3,11,12,11,12,12,6,11,11,11,6,6,TRUE,TRUE,TRUE,TRUE,TRUE,TRUE,6,11,1,6,1,6,11,12,1,0,794
13,187,77,54,FALSE,123,32,10,11,12,11,12,12,6,11,11,11,6,6,TRUE,TRUE,TRUE,TRUE,TRUE,TRUE,6,11,2,7,2,7,11,12,2,1,794
14,257,145,109,FALSE,172,29,11,11,12,11,12,12,6,11,11,11,6,6,TRUE,TRUE,TRUE,TRUE,TRUE,TRUE,6,11,3,8,3,8,11,12,3,2,794
15,299,226,157,FALSE,186,28,16,11,12,11,12,12,6,11,11,11,6,6,TRUE,TRUE,TRUE,TRUE,TRUE,TRUE,6,11,4,9,4,9,11,12,4,3,794
16,345,288,189,FALSE,202,84,20,11,12,11,12,12,6,11,11,11,6,6,TRUE,TRUE,TRUE,TRUE,TRUE,TRUE,6,11,5,10,5,10,11,12,5,4,794
17,376,372,222,FALSE,222,206,58,11,12,11,12,12,6,11,11,11,6,6,TRUE,TRUE,TRUE,TRUE,TRUE,TRUE,6,11,6,11,6,11,11,12,6,5,794
18,383,378,225,FALSE,225,NA,NA,11,12,11,12,12,6,11,11,11,6,6,TRUE,TRUE,TRUE,TRUE,TRUE,TRUE,6,11,7,12,7,12,11,12,7,6,794
6,0,0,0,FALSE,0,0,0,12,12,11,14,14,9,9,9,12,8,8,FALSE,FALSE,FALSE,FALSE,FALSE,FALSE,9,12,-6,-3,0,0,12,14,-6,-8,828
7,0,0,0,FALSE,0,0,0,12,12,11,14,14,9,9,9,12,8,8,FALSE,FALSE,FALSE,FALSE,FALSE,FALSE,9,12,-5,-2,0,0,12,14,-5,-7,828
8,7,0,0,FALSE,5,0,0,12,12,11,14,14,9,9,9,12,8,8,FALSE,FALSE,FALSE,FALSE,FALSE,FALSE,9,12,-4,-1,0,0,12,14,-4,-6,828
9,8,2,1,FALSE,5,0,0,12,12,11,14,14,9,9,9,12,8,8,FALSE,FALSE,FALSE,TRUE,FALSE,TRUE,9,12,-3,0,0,0,12,14,-3,-5,828
10,8,2,1,FALSE,5,0,0,12,12,11,14,14,9,9,9,12,8,8,FALSE,FALSE,FALSE,TRUE,FALSE,TRUE,9,12,-2,1,0,1,12,14,-2,-4,828
11,10,3,2,FALSE,6,0,0,12,12,11,14,14,9,9,9,12,8,8,FALSE,FALSE,FALSE,TRUE,TRUE,TRUE,9,12,-1,2,0,2,12,14,-1,-3,828
12,15,6,2,FALSE,6,1,1,12,12,11,14,14,9,9,9,12,8,8,FALSE,TRUE,TRUE,TRUE,TRUE,TRUE,9,12,0,3,0,3,12,14,0,-2,828
13,19,12,5,FALSE,7,0,0,12,12,11,14,14,9,9,9,12,8,8,FALSE,TRUE,TRUE,TRUE,TRUE,TRUE,9,12,1,4,1,4,12,14,1,-1,828
14,42,17,10,FALSE,20,5,2,12,12,11,14,14,9,9,9,12,8,8,TRUE,TRUE,TRUE,TRUE,TRUE,TRUE,9,12,2,5,2,5,12,14,2,0,828
15,69,22,15,FALSE,40,10,5,12,12,11,14,14,9,9,9,12,8,8,TRUE,TRUE,TRUE,TRUE,TRUE,TRUE,9,12,3,6,3,6,12,14,3,1,828
16,116,33,19,FALSE,64,20,5,12,12,11,14,14,9,9,9,12,8,8,TRUE,TRUE,TRUE,TRUE,TRUE,TRUE,9,12,4,7,4,7,12,14,4,2,828
17,173,48,27,FALSE,101,38,5,12,12,11,14,14,9,9,9,12,8,8,TRUE,TRUE,TRUE,TRUE,TRUE,TRUE,9,12,5,8,5,8,12,14,5,3,828
18,209,74,43,FALSE,127,NA,NA,12,12,11,14,14,9,9,9,12,8,8,TRUE,TRUE,TRUE,TRUE,TRUE,TRUE,9,12,6,9,6,9,12,14,6,4,828
6,8,0,0,FALSE,7,0,0,12,12,12,13,13,7,11,11,13,6,6,FALSE,FALSE,FALSE,FALSE,FALSE,FALSE,7,13,-7,-1,0,0,12,13,-6,-7,309
7,10,0,0,FALSE,8,0,0,12,12,12,13,13,7,11,11,13,6,6,FALSE,FALSE,FALSE,TRUE,FALSE,FALSE,7,13,-6,0,0,0,12,13,-5,-6,309
8,13,0,0,FALSE,9,0,0,12,12,12,13,13,7,11,11,13,6,6,FALSE,FALSE,FALSE,TRUE,FALSE,FALSE,7,13,-5,1,0,1,12,13,-4,-5,309
9,15,0,0,FALSE,9,0,0,12,12,12,13,13,7,11,11,13,6,6,FALSE,FALSE,FALSE,TRUE,FALSE,FALSE,7,13,-4,2,0,2,12,13,-3,-4,309
10,22,0,0,FALSE,15,0,0,12,12,12,13,13,7,11,11,13,6,6,FALSE,FALSE,FALSE,TRUE,FALSE,FALSE,7,13,-3,3,0,3,12,13,-2,-3,309
11,35,1,1,FALSE,24,0,0,12,12,12,13,13,7,11,11,13,6,6,FALSE,FALSE,FALSE,TRUE,FALSE,TRUE,7,13,-2,4,0,4,12,13,-1,-2,309
12,38,1,1,FALSE,25,0,0,12,12,12,13,13,7,11,11,13,6,6,FALSE,FALSE,TRUE,TRUE,TRUE,TRUE,7,13,-1,5,0,5,12,13,0,-1,309
13,57,1,1,FALSE,39,0,0,12,12,12,13,13,7,11,11,13,6,6,TRUE,TRUE,TRUE,TRUE,TRUE,TRUE,7,13,0,6,0,6,12,13,1,0,309
14,74,1,1,FALSE,49,7,1,12,12,12,13,13,7,11,11,13,6,6,TRUE,TRUE,TRUE,TRUE,TRUE,TRUE,7,13,1,7,1,7,12,13,2,1,309
15,123,5,1,FALSE,80,0,0,12,12,12,13,13,7,11,11,13,6,6,TRUE,TRUE,TRUE,TRUE,TRUE,TRUE,7,13,2,8,2,8,12,13,3,2,309
16,169,10,3,FALSE,114,8,4,12,12,12,13,13,7,11,11,13,6,6,TRUE,TRUE,TRUE,TRUE,TRUE,TRUE,7,13,3,9,3,9,12,13,4,3,309
17,250,20,9,FALSE,171,1,1,12,12,12,13,13,7,11,11,13,6,6,TRUE,TRUE,TRUE,TRUE,TRUE,TRUE,7,13,4,10,4,10,12,13,5,4,309
18,273,31,14,FALSE,179,NA,NA,12,12,12,13,13,7,11,11,13,6,6,TRUE,TRUE,TRUE,TRUE,TRUE,TRUE,7,13,5,11,5,11,12,13,6,5,309
6,0,0,0,FALSE,0,0,0,10,11,10,17,17,9,7,7,16,7,7,FALSE,FALSE,FALSE,FALSE,FALSE,FALSE,9,16,-10,-3,0,0,10,17,-4,-11,749
7,9,2,1,FALSE,7,0,0,10,11,10,17,17,9,7,7,16,7,7,FALSE,FALSE,FALSE,FALSE,FALSE,TRUE,9,16,-9,-2,0,0,10,17,-3,-10,749
8,53,5,4,FALSE,23,0,0,10,11,10,17,17,9,7,7,16,7,7,FALSE,FALSE,FALSE,FALSE,FALSE,TRUE,9,16,-8,-1,0,0,10,17,-2,-9,749
9,88,8,4,FALSE,43,0,0,10,11,10,17,17,9,7,7,16,7,7,FALSE,FALSE,FALSE,TRUE,FALSE,TRUE,9,16,-7,0,0,0,10,17,-1,-8,749
10,147,10,6,FALSE,85,0,0,10,11,10,17,17,9,7,7,16,7,7,FALSE,FALSE,TRUE,TRUE,TRUE,TRUE,9,16,-6,1,0,1,10,17,0,-7,749
11,202,11,6,FALSE,100,43,4,10,11,10,17,17,9,7,7,16,7,7,FALSE,FALSE,TRUE,TRUE,TRUE,TRUE,9,16,-5,2,0,2,10,17,1,-6,749
12,223,22,11,FALSE,111,12,3,10,11,10,17,17,9,7,7,16,7,7,FALSE,FALSE,TRUE,TRUE,TRUE,TRUE,9,16,-4,3,0,3,10,17,2,-5,749
13,249,50,27,FALSE,132,3,2,10,11,10,17,17,9,7,7,16,7,7,FALSE,FALSE,TRUE,TRUE,TRUE,TRUE,9,16,-3,4,0,4,10,17,3,-4,749
14,265,66,40,FALSE,142,9,6,10,11,10,17,17,9,7,7,16,7,7,FALSE,FALSE,TRUE,TRUE,TRUE,TRUE,9,16,-2,5,0,5,10,17,4,-3,749
15,285,69,41,FALSE,155,31,16,10,11,10,17,17,9,7,7,16,7,7,FALSE,FALSE,TRUE,TRUE,TRUE,TRUE,9,16,-1,6,0,6,10,17,5,-2,749
16,302,92,61,FALSE,167,27,16,10,11,10,17,17,9,7,7,16,7,7,FALSE,TRUE,TRUE,TRUE,TRUE,TRUE,9,16,0,7,0,7,10,17,6,-1,749
17,326,120,76,FALSE,185,173,18,10,11,10,17,17,9,7,7,16,7,7,TRUE,TRUE,TRUE,TRUE,TRUE,TRUE,9,16,1,8,1,8,10,17,7,0,749
18,337,144,98,FALSE,189,NA,NA,10,11,10,17,17,9,7,7,16,7,7,TRUE,TRUE,TRUE,TRUE,TRUE,TRUE,9,16,2,9,2,9,10,17,8,1,749
6,10,0,0,FALSE,7,0,0,11,12,12,14,14,11,11,11,14,6,6,FALSE,FALSE,FALSE,FALSE,FALSE,FALSE,11,14,-8,-5,0,0,11,14,-5,-8,623
7,13,0,0,FALSE,8,0,0,11,12,12,14,14,11,11,11,14,6,6,FALSE,FALSE,FALSE,FALSE,FALSE,FALSE,11,14,-7,-4,0,0,11,14,-4,-7,623
8,80,0,0,FALSE,54,0,0,11,12,12,14,14,11,11,11,14,6,6,FALSE,FALSE,FALSE,FALSE,FALSE,FALSE,11,14,-6,-3,0,0,11,14,-3,-6,623
9,102,0,0,FALSE,70,0,0,11,12,12,14,14,11,11,11,14,6,6,FALSE,FALSE,FALSE,FALSE,FALSE,FALSE,11,14,-5,-2,0,0,11,14,-2,-5,623
10,127,0,0,FALSE,88,0,0,11,12,12,14,14,11,11,11,14,6,6,FALSE,FALSE,FALSE,FALSE,FALSE,FALSE,11,14,-4,-1,0,0,11,14,-1,-4,623
11,147,1,1,FALSE,102,0,0,11,12,12,14,14,11,11,11,14,6,6,FALSE,FALSE,TRUE,TRUE,FALSE,TRUE,11,14,-3,0,0,0,11,14,0,-3,623
12,195,1,1,FALSE,137,1,1,11,12,12,14,14,11,11,11,14,6,6,FALSE,FALSE,TRUE,TRUE,TRUE,TRUE,11,14,-2,1,0,1,11,14,1,-2,623
13,220,1,1,FALSE,145,65,1,11,12,12,14,14,11,11,11,14,6,6,FALSE,FALSE,TRUE,TRUE,TRUE,TRUE,11,14,-1,2,0,2,11,14,2,-1,623
14,233,7,6,FALSE,155,86,2,11,12,12,14,14,11,11,11,14,6,6,TRUE,TRUE,TRUE,TRUE,TRUE,TRUE,11,14,0,3,0,3,11,14,3,0,623
15,262,9,6,FALSE,172,84,2,11,12,12,14,14,11,11,11,14,6,6,TRUE,TRUE,TRUE,TRUE,TRUE,TRUE,11,14,1,4,1,4,11,14,4,1,623
16,293,19,15,FALSE,184,32,6,11,12,12,14,14,11,11,11,14,6,6,TRUE,TRUE,TRUE,TRUE,TRUE,TRUE,11,14,2,5,2,5,11,14,5,2,623
17,302,24,17,FALSE,190,5,2,11,12,12,14,14,11,11,11,14,6,6,TRUE,TRUE,TRUE,TRUE,TRUE,TRUE,11,14,3,6,3,6,11,14,6,3,623
18,317,36,26,FALSE,195,NA,NA,11,12,12,14,14,11,11,11,14,6,6,TRUE,TRUE,TRUE,TRUE,TRUE,TRUE,11,14,4,7,4,7,11,14,7,4,623
6,8,0,0,FALSE,7,0,0,12,12,11,12,12,11,17,12,12,6,6,FALSE,FALSE,FALSE,FALSE,FALSE,FALSE,11,12,-6,-5,0,0,12,12,-6,-6,279
7,11,0,0,FALSE,8,0,0,12,12,11,12,12,11,17,12,12,6,6,FALSE,FALSE,FALSE,FALSE,FALSE,FALSE,11,12,-5,-4,0,0,12,12,-5,-5,279
8,11,0,0,FALSE,8,0,0,12,12,11,12,12,11,17,12,12,6,6,FALSE,FALSE,FALSE,FALSE,FALSE,FALSE,11,12,-4,-3,0,0,12,12,-4,-4,279
9,14,0,0,FALSE,9,0,0,12,12,11,12,12,11,17,12,12,6,6,FALSE,FALSE,FALSE,FALSE,FALSE,FALSE,11,12,-3,-2,0,0,12,12,-3,-3,279
10,29,0,0,FALSE,17,1,1,12,12,11,12,12,11,17,12,12,6,6,FALSE,FALSE,FALSE,FALSE,FALSE,FALSE,11,12,-2,-1,0,0,12,12,-2,-2,279
11,39,0,0,FALSE,22,0,0,12,12,11,12,12,11,17,12,12,6,6,FALSE,FALSE,FALSE,TRUE,TRUE,FALSE,11,12,-1,0,0,0,12,12,-1,-1,279
12,79,1,0,FALSE,51,1,1,12,12,11,12,12,11,17,12,12,6,6,TRUE,TRUE,TRUE,TRUE,TRUE,TRUE,11,12,0,1,0,1,12,12,0,0,279
13,88,2,0,FALSE,55,1,1,12,12,11,12,12,11,17,12,12,6,6,TRUE,TRUE,TRUE,TRUE,TRUE,TRUE,11,12,1,2,1,2,12,12,1,1,279
14,146,2,0,FALSE,97,0,0,12,12,11,12,12,11,17,12,12,6,6,TRUE,TRUE,TRUE,TRUE,TRUE,TRUE,11,12,2,3,2,3,12,12,2,2,279
15,171,3,0,FALSE,117,0,0,12,12,11,12,12,11,17,12,12,6,6,TRUE,TRUE,TRUE,TRUE,TRUE,TRUE,11,12,3,4,3,4,12,12,3,3,279
16,230,9,0,FALSE,149,14,8,12,12,11,12,12,11,17,12,12,6,6,TRUE,TRUE,TRUE,TRUE,TRUE,TRUE,11,12,4,5,4,5,12,12,4,4,279
17,246,38,13,FALSE,155,55,12,12,12,11,12,12,11,17,12,12,6,6,TRUE,TRUE,TRUE,TRUE,TRUE,TRUE,11,12,5,6,5,6,12,12,5,5,279
18,290,71,36,FALSE,180,NA,NA,12,12,11,12,12,11,17,12,12,6,6,TRUE,TRUE,TRUE,TRUE,TRUE,TRUE,11,12,6,7,6,7,12,12,6,6,279
6,0,0,0,FALSE,0,0,0,12,9,9,14,14,16,16,13,13,10,12,FALSE,FALSE,FALSE,FALSE,FALSE,FALSE,16,16,-10,-10,0,0,12,14,-6,-8,626
7,0,0,0,FALSE,0,0,0,12,9,9,14,14,16,16,13,13,10,12,FALSE,FALSE,FALSE,FALSE,FALSE,FALSE,16,16,-9,-9,0,0,12,14,-5,-7,626
8,0,0,0,FALSE,0,0,0,12,9,9,14,14,16,16,13,13,10,12,FALSE,FALSE,FALSE,FALSE,FALSE,FALSE,16,16,-8,-8,0,0,12,14,-4,-6,626
10,1,0,0,FALSE,0,0,0,12,9,9,14,14,16,16,13,13,10,12,FALSE,FALSE,FALSE,FALSE,TRUE,FALSE,16,16,-6,-6,0,0,12,14,-2,-4,626
11,14,0,0,FALSE,12,0,0,12,9,9,14,14,16,16,13,13,10,12,FALSE,FALSE,FALSE,FALSE,TRUE,FALSE,16,16,-5,-5,0,0,12,14,-1,-3,626
12,60,0,0,FALSE,41,0,0,12,9,9,14,14,16,16,13,13,10,12,FALSE,FALSE,TRUE,FALSE,TRUE,FALSE,16,16,-4,-4,0,0,12,14,0,-2,626
13,98,1,0,FALSE,74,0,0,12,9,9,14,14,16,16,13,13,10,12,FALSE,TRUE,TRUE,FALSE,TRUE,TRUE,16,16,-3,-3,0,0,12,14,1,-1,626
16,199,7,3,FALSE,104,42,3,12,9,9,14,14,16,16,13,13,10,12,TRUE,TRUE,TRUE,TRUE,TRUE,TRUE,16,16,0,0,0,0,12,14,4,2,626
18,255,19,11,FALSE,135,NA,NA,12,9,9,14,14,16,16,13,13,10,12,TRUE,TRUE,TRUE,TRUE,TRUE,TRUE,16,16,2,2,2,2,12,14,6,4,626
6,9,0,0,FALSE,7,0,0,12,12,12,14,14,12,13,13,13,6,6,FALSE,FALSE,FALSE,FALSE,FALSE,FALSE,12,13,-7,-6,0,0,12,14,-6,-8,664
7,16,0,0,FALSE,9,0,0,12,12,12,14,14,12,13,13,13,6,6,FALSE,FALSE,FALSE,FALSE,FALSE,FALSE,12,13,-6,-5,0,0,12,14,-5,-7,664
8,17,0,0,FALSE,9,0,0,12,12,12,14,14,12,13,13,13,6,6,FALSE,FALSE,FALSE,FALSE,FALSE,FALSE,12,13,-5,-4,0,0,12,14,-4,-6,664
9,18,0,0,FALSE,10,0,0,12,12,12,14,14,12,13,13,13,6,6,FALSE,FALSE,FALSE,FALSE,FALSE,FALSE,12,13,-4,-3,0,0,12,14,-3,-5,664
10,31,0,0,FALSE,17,0,0,12,12,12,14,14,12,13,13,13,6,6,FALSE,FALSE,FALSE,FALSE,FALSE,FALSE,12,13,-3,-2,0,0,12,14,-2,-4,664
11,57,0,0,FALSE,30,0,0,12,12,12,14,14,12,13,13,13,6,6,FALSE,FALSE,FALSE,FALSE,FALSE,FALSE,12,13,-2,-1,0,0,12,14,-1,-3,664
12,91,0,0,FALSE,47,1,1,12,12,12,14,14,12,13,13,13,6,6,FALSE,FALSE,TRUE,TRUE,TRUE,FALSE,12,13,-1,0,0,0,12,14,0,-2,664
13,106,4,4,FALSE,60,5,3,12,12,12,14,14,12,13,13,13,6,6,FALSE,TRUE,TRUE,TRUE,TRUE,TRUE,12,13,0,1,0,1,12,14,1,-1,664
14,138,5,5,FALSE,76,14,5,12,12,12,14,14,12,13,13,13,6,6,TRUE,TRUE,TRUE,TRUE,TRUE,TRUE,12,13,1,2,1,2,12,14,2,0,664
15,187,9,7,FALSE,101,83,7,12,12,12,14,14,12,13,13,13,6,6,TRUE,TRUE,TRUE,TRUE,TRUE,TRUE,12,13,2,3,2,3,12,14,3,1,664
16,195,10,8,FALSE,106,11,2,12,12,12,14,14,12,13,13,13,6,6,TRUE,TRUE,TRUE,TRUE,TRUE,TRUE,12,13,3,4,3,4,12,14,4,2,664
17,230,16,9,FALSE,118,10,3,12,12,12,14,14,12,13,13,13,6,6,TRUE,TRUE,TRUE,TRUE,TRUE,TRUE,12,13,4,5,4,5,12,14,5,3,664
18,275,28,18,FALSE,138,NA,NA,12,12,12,14,14,12,13,13,13,6,6,TRUE,TRUE,TRUE,TRUE,TRUE,TRUE,12,13,5,6,5,6,12,14,6,4,664
6,42,0,0,FALSE,25,0,0,12,13,13,12,12,7,12,12,11,6,6,FALSE,FALSE,FALSE,FALSE,FALSE,FALSE,7,11,-5,-1,0,0,12,12,-6,-6,129
7,70,0,0,FALSE,39,0,0,12,13,13,12,12,7,12,12,11,6,6,FALSE,FALSE,FALSE,TRUE,FALSE,FALSE,7,11,-4,0,0,0,12,12,-5,-5,129
8,106,0,0,FALSE,61,0,0,12,13,13,12,12,7,12,12,11,6,6,FALSE,FALSE,FALSE,TRUE,FALSE,FALSE,7,11,-3,1,0,1,12,12,-4,-4,129
9,135,0,0,FALSE,80,0,0,12,13,13,12,12,7,12,12,11,6,6,FALSE,FALSE,FALSE,TRUE,FALSE,FALSE,7,11,-2,2,0,2,12,12,-3,-3,129
10,169,0,0,FALSE,105,0,0,12,13,13,12,12,7,12,12,11,6,6,FALSE,FALSE,FALSE,TRUE,FALSE,FALSE,7,11,-1,3,0,3,12,12,-2,-2,129
11,208,3,2,FALSE,129,0,0,12,13,13,12,12,7,12,12,11,6,6,FALSE,TRUE,FALSE,TRUE,FALSE,FALSE,7,11,0,4,0,4,12,12,-1,-1,129
12,222,7,5,FALSE,132,0,0,12,13,13,12,12,7,12,12,11,6,6,TRUE,TRUE,TRUE,TRUE,FALSE,TRUE,7,11,1,5,1,5,12,12,0,0,129
13,229,7,5,FALSE,137,1,1,12,13,13,12,12,7,12,12,11,6,6,TRUE,TRUE,TRUE,TRUE,TRUE,TRUE,7,11,2,6,2,6,12,12,1,1,129
14,247,15,7,FALSE,153,7,2,12,13,13,12,12,7,12,12,11,6,6,TRUE,TRUE,TRUE,TRUE,TRUE,TRUE,7,11,3,7,3,7,12,12,2,2,129
15,263,20,9,FALSE,159,32,7,12,13,13,12,12,7,12,12,11,6,6,TRUE,TRUE,TRUE,TRUE,TRUE,TRUE,7,11,4,8,4,8,12,12,3,3,129
16,269,37,17,FALSE,162,17,6,12,13,13,12,12,7,12,12,11,6,6,TRUE,TRUE,TRUE,TRUE,TRUE,TRUE,7,11,5,9,5,9,12,12,4,4,129
17,271,43,22,FALSE,163,18,11,12,13,13,12,12,7,12,12,11,6,6,TRUE,TRUE,TRUE,TRUE,TRUE,TRUE,7,11,6,10,6,10,12,12,5,5,129
18,305,89,53,FALSE,176,NA,NA,12,13,13,12,12,7,12,12,11,6,6,TRUE,TRUE,TRUE,TRUE,TRUE,TRUE,7,11,7,11,7,11,12,12,6,6,129
6,8,0,0,FALSE,6,0,0,16,13,13,12,12,9,10,10,12,6,6,FALSE,FALSE,FALSE,FALSE,FALSE,FALSE,9,12,-6,-3,0,0,16,12,-10,-6,860
7,8,0,0,FALSE,6,0,0,16,13,13,12,12,9,10,10,12,6,6,FALSE,FALSE,FALSE,FALSE,FALSE,FALSE,9,12,-5,-2,0,0,16,12,-9,-5,860
8,28,0,0,FALSE,19,0,0,16,13,13,12,12,9,10,10,12,6,6,FALSE,FALSE,FALSE,FALSE,FALSE,FALSE,9,12,-4,-1,0,0,16,12,-8,-4,860
9,28,0,0,FALSE,19,0,0,16,13,13,12,12,9,10,10,12,6,6,FALSE,FALSE,FALSE,TRUE,FALSE,FALSE,9,12,-3,0,0,0,16,12,-7,-3,860
10,48,3,1,FALSE,31,0,0,16,13,13,12,12,9,10,10,12,6,6,FALSE,FALSE,FALSE,TRUE,FALSE,TRUE,9,12,-2,1,0,1,16,12,-6,-2,860
11,60,4,1,FALSE,39,1,1,16,13,13,12,12,9,10,10,12,6,6,FALSE,FALSE,FALSE,TRUE,FALSE,TRUE,9,12,-1,2,0,2,16,12,-5,-1,860
12,102,5,2,FALSE,70,0,0,16,13,13,12,12,9,10,10,12,6,6,TRUE,TRUE,FALSE,TRUE,FALSE,TRUE,9,12,0,3,0,3,16,12,-4,0,860
13,161,5,2,FALSE,106,7,2,16,13,13,12,12,9,10,10,12,6,6,TRUE,TRUE,FALSE,TRUE,TRUE,TRUE,9,12,1,4,1,4,16,12,-3,1,860
14,206,9,3,FALSE,134,14,5,16,13,13,12,12,9,10,10,12,6,6,TRUE,TRUE,FALSE,TRUE,TRUE,TRUE,9,12,2,5,2,5,16,12,-2,2,860
15,226,18,7,FALSE,146,10,3,16,13,13,12,12,9,10,10,12,6,6,TRUE,TRUE,FALSE,TRUE,TRUE,TRUE,9,12,3,6,3,6,16,12,-1,3,860
16,252,32,16,FALSE,161,15,3,16,13,13,12,12,9,10,10,12,6,6,TRUE,TRUE,TRUE,TRUE,TRUE,TRUE,9,12,4,7,4,7,16,12,0,4,860
17,296,69,43,FALSE,180,8,3,16,13,13,12,12,9,10,10,12,6,6,TRUE,TRUE,TRUE,TRUE,TRUE,TRUE,9,12,5,8,5,8,16,12,1,5,860
18,332,147,105,FALSE,194,NA,NA,16,13,13,12,12,9,10,10,12,6,6,TRUE,TRUE,TRUE,TRUE,TRUE,TRUE,9,12,6,9,6,9,16,12,2,6,860
6,0,0,0,FALSE,0,0,0,12,10,10,12,12,13,12,12,12,8,8,FALSE,FALSE,FALSE,FALSE,FALSE,FALSE,13,12,-6,-7,0,0,12,12,-6,-6,378
7,0,0,0,FALSE,0,0,0,12,10,10,12,12,13,12,12,12,8,8,FALSE,FALSE,FALSE,FALSE,FALSE,FALSE,13,12,-5,-6,0,0,12,12,-5,-5,378
8,6,0,0,FALSE,6,0,0,12,10,10,12,12,13,12,12,12,8,8,FALSE,FALSE,FALSE,FALSE,FALSE,FALSE,13,12,-4,-5,0,0,12,12,-4,-4,378
9,12,0,0,FALSE,8,0,0,12,10,10,12,12,13,12,12,12,8,8,FALSE,FALSE,FALSE,FALSE,FALSE,FALSE,13,12,-3,-4,0,0,12,12,-3,-3,378
10,15,0,0,FALSE,9,1,1,12,10,10,12,12,13,12,12,12,8,8,FALSE,FALSE,FALSE,FALSE,TRUE,FALSE,13,12,-2,-3,0,0,12,12,-2,-2,378
11,48,0,0,FALSE,34,1,1,12,10,10,12,12,13,12,12,12,8,8,FALSE,FALSE,FALSE,FALSE,TRUE,FALSE,13,12,-1,-2,0,0,12,12,-1,-1,378
12,86,7,7,FALSE,58,12,2,12,10,10,12,12,13,12,12,12,8,8,TRUE,TRUE,TRUE,FALSE,TRUE,TRUE,13,12,0,-1,0,0,12,12,0,0,378
13,128,25,17,FALSE,83,20,10,12,10,10,12,12,13,12,12,12,8,8,TRUE,TRUE,TRUE,TRUE,TRUE,TRUE,13,12,1,0,1,0,12,12,1,1,378
14,170,41,30,FALSE,120,80,21,12,10,10,12,12,13,12,12,12,8,8,TRUE,TRUE,TRUE,TRUE,TRUE,TRUE,13,12,2,1,2,1,12,12,2,2,378
15,190,66,45,FALSE,133,82,25,12,10,10,12,12,13,12,12,12,8,8,TRUE,TRUE,TRUE,TRUE,TRUE,TRUE,13,12,3,2,3,2,12,12,3,3,378
16,226,132,98,FALSE,160,186,41,12,10,10,12,12,13,12,12,12,8,8,TRUE,TRUE,TRUE,TRUE,TRUE,TRUE,13,12,4,3,4,3,12,12,4,4,378
17,270,189,136,FALSE,178,255,58,12,10,10,12,12,13,12,12,12,8,8,TRUE,TRUE,TRUE,TRUE,TRUE,TRUE,13,12,5,4,5,4,12,12,5,5,378
18,307,245,172,FALSE,196,NA,NA,12,10,10,12,12,13,12,12,12,8,8,TRUE,TRUE,TRUE,TRUE,TRUE,TRUE,13,12,6,5,6,5,12,12,6,6,378
6,1,0,0,FALSE,0,0,0,12,11,11,15,15,10,11,8,13,6,8,FALSE,FALSE,FALSE,FALSE,FALSE,FALSE,10,13,-7,-4,0,0,12,15,-6,-9,294
7,4,1,0,FALSE,1,0,0,12,11,11,15,15,10,11,8,13,6,8,FALSE,FALSE,FALSE,FALSE,FALSE,FALSE,10,13,-6,-3,0,0,12,15,-5,-8,294
8,14,1,0,FALSE,8,0,0,12,11,11,15,15,10,11,8,13,6,8,FALSE,FALSE,FALSE,FALSE,FALSE,TRUE,10,13,-5,-2,0,0,12,15,-4,-7,294
9,23,1,0,FALSE,15,0,0,12,11,11,15,15,10,11,8,13,6,8,FALSE,FALSE,FALSE,FALSE,FALSE,TRUE,10,13,-4,-1,0,0,12,15,-3,-6,294
10,46,3,0,FALSE,26,0,0,12,11,11,15,15,10,11,8,13,6,8,FALSE,FALSE,FALSE,TRUE,FALSE,TRUE,10,13,-3,0,0,0,12,15,-2,-5,294
11,77,9,3,FALSE,52,8,2,12,11,11,15,15,10,11,8,13,6,8,FALSE,FALSE,FALSE,TRUE,TRUE,TRUE,10,13,-2,1,0,1,12,15,-1,-4,294
12,128,17,8,FALSE,91,26,1,12,11,11,15,15,10,11,8,13,6,8,FALSE,FALSE,TRUE,TRUE,TRUE,TRUE,10,13,-1,2,0,2,12,15,0,-3,294
13,167,27,12,FALSE,117,17,2,12,11,11,15,15,10,11,8,13,6,8,FALSE,TRUE,TRUE,TRUE,TRUE,TRUE,10,13,0,3,0,3,12,15,1,-2,294
14,216,32,16,FALSE,143,2,1,12,11,11,15,15,10,11,8,13,6,8,FALSE,TRUE,TRUE,TRUE,TRUE,TRUE,10,13,1,4,1,4,12,15,2,-1,294
15,261,76,55,FALSE,168,12,4,12,11,11,15,15,10,11,8,13,6,8,TRUE,TRUE,TRUE,TRUE,TRUE,TRUE,10,13,2,5,2,5,12,15,3,0,294
16,292,125,91,FALSE,183,49,15,12,11,11,15,15,10,11,8,13,6,8,TRUE,TRUE,TRUE,TRUE,TRUE,TRUE,10,13,3,6,3,6,12,15,4,1,294
17,315,184,132,FALSE,191,84,18,12,11,11,15,15,10,11,8,13,6,8,TRUE,TRUE,TRUE,TRUE,TRUE,TRUE,10,13,4,7,4,7,12,15,5,2,294
18,347,223,152,FALSE,209,NA,NA,12,11,11,15,15,10,11,8,13,6,8,TRUE,TRUE,TRUE,TRUE,TRUE,TRUE,10,13,5,8,5,8,12,15,6,3,294
6,0,0,0,FALSE,0,0,0,10,10,10,13,14,10,12,11,11,8,9,FALSE,FALSE,FALSE,FALSE,FALSE,FALSE,10,12,-6,-4,0,0,10,13,-4,-7,109
7,0,0,0,FALSE,0,0,0,10,10,10,13,14,10,12,11,11,8,9,FALSE,FALSE,FALSE,FALSE,FALSE,FALSE,10,12,-5,-3,0,0,10,13,-3,-6,109
8,1,0,0,FALSE,0,0,0,10,10,10,13,14,10,12,11,11,8,9,FALSE,FALSE,FALSE,FALSE,FALSE,FALSE,10,12,-4,-2,0,0,10,13,-2,-5,109
9,10,0,0,FALSE,3,0,0,10,10,10,13,14,10,12,11,11,8,9,FALSE,FALSE,FALSE,FALSE,FALSE,FALSE,10,12,-3,-1,0,0,10,13,-1,-4,109
10,12,0,0,FALSE,3,1,1,10,10,10,13,14,10,12,11,11,8,9,FALSE,FALSE,TRUE,TRUE,TRUE,FALSE,10,12,-2,0,0,0,10,13,0,-3,109
11,30,2,0,FALSE,15,1,1,10,10,10,13,14,10,12,11,11,8,9,FALSE,TRUE,TRUE,TRUE,TRUE,TRUE,10,12,-1,1,0,1,10,13,1,-2,109
12,105,6,4,FALSE,47,0,0,10,10,10,13,14,10,12,11,11,8,9,FALSE,TRUE,TRUE,TRUE,TRUE,TRUE,10,12,0,2,0,2,10,13,2,-1,109
13,140,7,4,FALSE,69,4,2,10,10,10,13,14,10,12,11,11,8,9,TRUE,TRUE,TRUE,TRUE,TRUE,TRUE,10,12,1,3,1,3,10,13,3,0,109
14,185,9,6,FALSE,99,6,3,10,10,10,13,14,10,12,11,11,8,9,TRUE,TRUE,TRUE,TRUE,TRUE,TRUE,10,12,2,4,2,4,10,13,4,1,109
15,197,10,6,FALSE,104,4,2,10,10,10,13,14,10,12,11,11,8,9,TRUE,TRUE,TRUE,TRUE,TRUE,TRUE,10,12,3,5,3,5,10,13,5,2,109
16,245,58,38,FALSE,132,18,10,10,10,10,13,14,10,12,11,11,8,9,TRUE,TRUE,TRUE,TRUE,TRUE,TRUE,10,12,4,6,4,6,10,13,6,3,109
17,262,82,53,FALSE,145,94,16,10,10,10,13,14,10,12,11,11,8,9,TRUE,TRUE,TRUE,TRUE,TRUE,TRUE,10,12,5,7,5,7,10,13,7,4,109
18,274,121,83,FALSE,154,NA,NA,10,10,10,13,14,10,12,11,11,8,9,TRUE,TRUE,TRUE,TRUE,TRUE,TRUE,10,12,6,8,6,8,10,13,8,5,109
6,11,0,0,FALSE,8,0,0,14,13,12,11,11,7,9,9,9,7,7,FALSE,FALSE,FALSE,FALSE,FALSE,FALSE,6,10,-4,0,0,0,14,11,-8,-5,342
7,16,0,0,FALSE,9,0,0,14,13,12,11,11,7,9,9,9,7,7,FALSE,FALSE,FALSE,TRUE,FALSE,FALSE,6,10,-3,1,0,1,14,11,-7,-4,342
8,30,0,0,FALSE,12,0,0,14,13,12,11,11,7,9,9,9,7,7,FALSE,FALSE,FALSE,TRUE,FALSE,FALSE,6,10,-2,2,0,2,14,11,-6,-3,342
9,54,1,1,FALSE,25,0,0,14,13,12,11,11,7,9,9,9,7,7,FALSE,TRUE,FALSE,TRUE,FALSE,TRUE,6,10,-1,3,0,3,14,11,-5,-2,342
10,87,9,5,FALSE,35,6,1,14,13,12,11,11,7,9,9,9,7,7,FALSE,TRUE,FALSE,TRUE,FALSE,TRUE,6,10,0,4,0,4,14,11,-4,-1,342
11,118,15,8,FALSE,54,0,0,14,13,12,11,11,7,9,9,9,7,7,TRUE,TRUE,FALSE,TRUE,FALSE,TRUE,6,10,1,5,1,5,14,11,-3,0,342
12,139,20,8,FALSE,65,0,0,14,13,12,11,11,7,9,9,9,7,7,TRUE,TRUE,FALSE,TRUE,TRUE,TRUE,6,10,2,6,2,6,14,11,-2,1,342
13,171,21,8,FALSE,82,3,2,14,13,12,11,11,7,9,9,9,7,7,TRUE,TRUE,FALSE,TRUE,TRUE,TRUE,6,10,3,7,3,7,14,11,-1,2,342
14,212,22,8,FALSE,109,5,1,14,13,12,11,11,7,9,9,9,7,7,TRUE,TRUE,TRUE,TRUE,TRUE,TRUE,6,10,4,8,4,8,14,11,0,3,342
15,251,29,12,FALSE,128,1,1,14,13,12,11,11,7,9,9,9,7,7,TRUE,TRUE,TRUE,TRUE,TRUE,TRUE,6,10,5,9,5,9,14,11,1,4,342
16,257,30,12,FALSE,131,9,4,14,13,12,11,11,7,9,9,9,7,7,TRUE,TRUE,TRUE,TRUE,TRUE,TRUE,6,10,6,10,6,10,14,11,2,5,342
17,298,42,18,FALSE,161,5,3,14,13,12,11,11,7,9,9,9,7,7,TRUE,TRUE,TRUE,TRUE,TRUE,TRUE,6,10,7,11,7,11,14,11,3,6,342
6,0,0,0,FALSE,0,0,0,12,10,10,12,12,11,11,11,11,7,7,FALSE,FALSE,FALSE,FALSE,FALSE,FALSE,11,12,-6,-5,0,0,12,12,-6,-6,268
7,5,0,0,FALSE,3,0,0,12,10,10,12,12,11,11,11,11,7,7,FALSE,FALSE,FALSE,FALSE,FALSE,FALSE,11,12,-5,-4,0,0,12,12,-5,-5,268
8,11,0,0,FALSE,7,0,0,12,10,10,12,12,11,11,11,11,7,7,FALSE,FALSE,FALSE,FALSE,FALSE,FALSE,11,12,-4,-3,0,0,12,12,-4,-4,268
9,17,0,0,FALSE,9,0,0,12,10,10,12,12,11,11,11,11,7,7,FALSE,FALSE,FALSE,FALSE,FALSE,FALSE,11,12,-3,-2,0,0,12,12,-3,-3,268
10,22,0,0,FALSE,13,1,1,12,10,10,12,12,11,11,11,11,7,7,FALSE,FALSE,FALSE,FALSE,TRUE,FALSE,11,12,-2,-1,0,0,12,12,-2,-2,268
11,46,3,2,FALSE,28,2,2,12,10,10,12,12,11,11,11,11,7,7,FALSE,TRUE,FALSE,TRUE,TRUE,TRUE,11,12,-1,0,0,0,12,12,-1,-1,268
12,94,3,2,FALSE,52,1,1,12,10,10,12,12,11,11,11,11,7,7,TRUE,TRUE,TRUE,TRUE,TRUE,TRUE,11,12,0,1,0,1,12,12,0,0,268
13,123,5,2,FALSE,71,0,0,12,10,10,12,12,11,11,11,11,7,7,TRUE,TRUE,TRUE,TRUE,TRUE,TRUE,11,12,1,2,1,2,12,12,1,1,268
14,223,8,2,FALSE,122,1,1,12,10,10,12,12,11,11,11,11,7,7,TRUE,TRUE,TRUE,TRUE,TRUE,TRUE,11,12,2,3,2,3,12,12,2,2,268
15,246,20,8,FALSE,136,9,3,12,10,10,12,12,11,11,11,11,7,7,TRUE,TRUE,TRUE,TRUE,TRUE,TRUE,11,12,3,4,3,4,12,12,3,3,268
16,263,55,31,FALSE,142,21,13,12,10,10,12,12,11,11,11,11,7,7,TRUE,TRUE,TRUE,TRUE,TRUE,TRUE,11,12,4,5,4,5,12,12,4,4,268
17,287,75,39,FALSE,158,13,8,12,10,10,12,12,11,11,11,11,7,7,TRUE,TRUE,TRUE,TRUE,TRUE,TRUE,11,12,5,6,5,6,12,12,5,5,268
18,296,118,68,FALSE,162,NA,NA,12,10,10,12,12,11,11,11,11,7,7,TRUE,TRUE,TRUE,TRUE,TRUE,TRUE,11,12,6,7,6,7,12,12,6,6,268
6,9,0,0,FALSE,5,0,0,8,17,13,13,13,11,14,14,13,6,6,FALSE,FALSE,FALSE,FALSE,FALSE,FALSE,10,13,-7,-4,0,0,8,13,-2,-7,172
7,12,0,0,FALSE,6,0,0,8,17,13,13,13,11,14,14,13,6,6,FALSE,FALSE,FALSE,FALSE,FALSE,FALSE,10,13,-6,-3,0,0,8,13,-1,-6,172
8,16,0,0,FALSE,9,0,0,8,17,13,13,13,11,14,14,13,6,6,FALSE,FALSE,TRUE,FALSE,FALSE,FALSE,10,13,-5,-2,0,0,8,13,0,-5,172
9,24,0,0,FALSE,15,0,0,8,17,13,13,13,11,14,14,13,6,6,FALSE,FALSE,TRUE,FALSE,FALSE,FALSE,10,13,-4,-1,0,0,8,13,1,-4,172
10,45,0,0,FALSE,22,0,0,8,17,13,13,13,11,14,14,13,6,6,FALSE,FALSE,TRUE,FALSE,FALSE,FALSE,10,13,-3,0,0,0,8,13,2,-3,172
11,48,0,0,FALSE,22,0,0,8,17,13,13,13,11,14,14,13,6,6,FALSE,FALSE,TRUE,TRUE,FALSE,FALSE,10,13,-2,1,0,1,8,13,3,-2,172
12,52,0,0,FALSE,24,0,0,8,17,13,13,13,11,14,14,13,6,6,FALSE,FALSE,TRUE,TRUE,FALSE,FALSE,10,13,-1,2,0,2,8,13,4,-1,172
13,60,2,2,FALSE,32,0,0,8,17,13,13,13,11,14,14,13,6,6,TRUE,TRUE,TRUE,TRUE,TRUE,FALSE,10,13,0,3,0,3,8,13,5,0,172
14,67,3,2,FALSE,36,0,0,8,17,13,13,13,11,14,14,13,6,6,TRUE,TRUE,TRUE,TRUE,TRUE,TRUE,10,13,1,4,1,4,8,13,6,1,172
15,72,3,2,FALSE,40,0,0,8,17,13,13,13,11,14,14,13,6,6,TRUE,TRUE,TRUE,TRUE,TRUE,TRUE,10,13,2,5,2,5,8,13,7,2,172
18,104,5,2,FALSE,61,NA,NA,8,17,13,13,13,11,14,14,13,6,6,TRUE,TRUE,TRUE,TRUE,TRUE,TRUE,10,13,5,8,5,8,8,13,10,5,172
6,2,0,0,FALSE,2,0,0,14,15,11,12,13,11,11,11,12,6,6,FALSE,FALSE,FALSE,FALSE,FALSE,FALSE,11,12,-6,-5,0,0,14,12,-8,-6,189
7,5,0,0,FALSE,3,0,0,14,15,11,12,13,11,11,11,12,6,6,FALSE,FALSE,FALSE,FALSE,FALSE,FALSE,11,12,-5,-4,0,0,14,12,-7,-5,189
8,36,0,0,FALSE,24,0,0,14,15,11,12,13,11,11,11,12,6,6,FALSE,FALSE,FALSE,FALSE,FALSE,FALSE,11,12,-4,-3,0,0,14,12,-6,-4,189
9,50,0,0,FALSE,32,0,0,14,15,11,12,13,11,11,11,12,6,6,FALSE,FALSE,FALSE,FALSE,FALSE,FALSE,11,12,-3,-2,0,0,14,12,-5,-3,189
10,84,2,0,FALSE,54,0,0,14,15,11,12,13,11,11,11,12,6,6,FALSE,FALSE,FALSE,FALSE,FALSE,FALSE,11,12,-2,-1,0,0,14,12,-4,-2,189
11,138,6,1,FALSE,86,0,0,14,15,11,12,13,11,11,11,12,6,6,FALSE,FALSE,FALSE,TRUE,TRUE,TRUE,11,12,-1,0,0,0,14,12,-3,-1,189
12,189,14,6,FALSE,132,0,0,14,15,11,12,13,11,11,11,12,6,6,TRUE,TRUE,FALSE,TRUE,TRUE,TRUE,11,12,0,1,0,1,14,12,-2,0,189
13,222,21,8,FALSE,145,0,0,14,15,11,12,13,11,11,11,12,6,6,TRUE,TRUE,FALSE,TRUE,TRUE,TRUE,11,12,1,2,1,2,14,12,-1,1,189
14,242,25,8,FALSE,156,0,0,14,15,11,12,13,11,11,11,12,6,6,TRUE,TRUE,TRUE,TRUE,TRUE,TRUE,11,12,2,3,2,3,14,12,0,2,189
15,264,33,12,FALSE,167,0,0,14,15,11,12,13,11,11,11,12,6,6,TRUE,TRUE,TRUE,TRUE,TRUE,TRUE,11,12,3,4,3,4,14,12,1,3,189
16,287,49,21,FALSE,179,7,2,14,15,11,12,13,11,11,11,12,6,6,TRUE,TRUE,TRUE,TRUE,TRUE,TRUE,11,12,4,5,4,5,14,12,2,4,189
17,301,77,40,FALSE,184,23,4,14,15,11,12,13,11,11,11,12,6,6,TRUE,TRUE,TRUE,TRUE,TRUE,TRUE,11,12,5,6,5,6,14,12,3,5,189
18,317,118,72,FALSE,191,NA,NA,14,15,11,12,13,11,11,11,12,6,6,TRUE,TRUE,TRUE,TRUE,TRUE,TRUE,11,12,6,7,6,7,14,12,4,6,189
6,0,0,0,FALSE,0,0,0,14,15,14,12,12,8,12,12,10,8,8,FALSE,FALSE,FALSE,FALSE,FALSE,FALSE,8,10,-4,-2,0,0,14,12,-8,-6,986
7,0,0,0,FALSE,0,0,0,14,15,14,12,12,8,12,12,10,8,8,FALSE,FALSE,FALSE,FALSE,FALSE,FALSE,8,10,-3,-1,0,0,14,12,-7,-5,986
8,89,0,0,FALSE,54,0,0,14,15,14,12,12,8,12,12,10,8,8,FALSE,FALSE,FALSE,TRUE,FALSE,FALSE,8,10,-2,0,0,0,14,12,-6,-4,986
9,128,0,0,FALSE,76,0,0,14,15,14,12,12,8,12,12,10,8,8,FALSE,FALSE,FALSE,TRUE,FALSE,FALSE,8,10,-1,1,0,1,14,12,-5,-3,986
10,171,0,0,FALSE,107,0,0,14,15,14,12,12,8,12,12,10,8,8,FALSE,TRUE,FALSE,TRUE,FALSE,FALSE,8,10,0,2,0,2,14,12,-4,-2,986
11,215,0,0,FALSE,133,0,0,14,15,14,12,12,8,12,12,10,8,8,FALSE,TRUE,FALSE,TRUE,FALSE,FALSE,8,10,1,3,1,3,14,12,-3,-1,986
12,261,7,1,FALSE,153,0,0,14,15,14,12,12,8,12,12,10,8,8,TRUE,TRUE,FALSE,TRUE,FALSE,TRUE,8,10,2,4,2,4,14,12,-2,0,986
13,284,10,4,FALSE,165,0,0,14,15,14,12,12,8,12,12,10,8,8,TRUE,TRUE,FALSE,TRUE,FALSE,TRUE,8,10,3,5,3,5,14,12,-1,1,986
14,307,11,4,FALSE,176,0,0,14,15,14,12,12,8,12,12,10,8,8,TRUE,TRUE,TRUE,TRUE,TRUE,TRUE,8,10,4,6,4,6,14,12,0,2,986
15,325,26,12,FALSE,186,3,3,14,15,14,12,12,8,12,12,10,8,8,TRUE,TRUE,TRUE,TRUE,TRUE,TRUE,8,10,5,7,5,7,14,12,1,3,986
16,335,33,15,FALSE,191,4,3,14,15,14,12,12,8,12,12,10,8,8,TRUE,TRUE,TRUE,TRUE,TRUE,TRUE,8,10,6,8,6,8,14,12,2,4,986
17,342,42,21,FALSE,198,16,7,14,15,14,12,12,8,12,12,10,8,8,TRUE,TRUE,TRUE,TRUE,TRUE,TRUE,8,10,7,9,7,9,14,12,3,5,986
6,14,0,0,FALSE,6,0,0,8,11,10,12,12,9,13,10,11,6,6,FALSE,FALSE,FALSE,FALSE,FALSE,FALSE,9,12,-6,-3,0,0,8,12,-2,-6,861
7,21,0,0,FALSE,9,0,0,8,11,10,12,12,9,13,10,11,6,6,FALSE,FALSE,FALSE,FALSE,FALSE,FALSE,9,12,-5,-2,0,0,8,12,-1,-5,861
8,30,0,0,FALSE,12,0,0,8,11,10,12,12,9,13,10,11,6,6,FALSE,FALSE,TRUE,FALSE,FALSE,FALSE,9,12,-4,-1,0,0,8,12,0,-4,861
9,36,0,0,FALSE,15,0,0,8,11,10,12,12,9,13,10,11,6,6,FALSE,FALSE,TRUE,TRUE,FALSE,FALSE,9,12,-3,0,0,0,8,12,1,-3,861
10,55,1,0,FALSE,23,1,1,8,11,10,12,12,9,13,10,11,6,6,FALSE,FALSE,TRUE,TRUE,TRUE,TRUE,9,12,-2,1,0,1,8,12,2,-2,861
11,86,1,0,FALSE,48,8,1,8,11,10,12,12,9,13,10,11,6,6,FALSE,TRUE,TRUE,TRUE,TRUE,TRUE,9,12,-1,2,0,2,8,12,3,-1,861
12,109,1,0,FALSE,60,6,1,8,11,10,12,12,9,13,10,11,6,6,TRUE,TRUE,TRUE,TRUE,TRUE,TRUE,9,12,0,3,0,3,8,12,4,0,861
13,172,2,1,FALSE,103,9,3,8,11,10,12,12,9,13,10,11,6,6,TRUE,TRUE,TRUE,TRUE,TRUE,TRUE,9,12,1,4,1,4,8,12,5,1,861
14,210,3,2,FALSE,120,13,4,8,11,10,12,12,9,13,10,11,6,6,TRUE,TRUE,TRUE,TRUE,TRUE,TRUE,9,12,2,5,2,5,8,12,6,2,861
15,254,3,2,FALSE,149,6,3,8,11,10,12,12,9,13,10,11,6,6,TRUE,TRUE,TRUE,TRUE,TRUE,TRUE,9,12,3,6,3,6,8,12,7,3,861
16,289,3,2,FALSE,168,14,5,8,11,10,12,12,9,13,10,11,6,6,TRUE,TRUE,TRUE,TRUE,TRUE,TRUE,9,12,4,7,4,7,8,12,8,4,861
17,305,6,3,FALSE,177,20,4,8,11,10,12,12,9,13,10,11,6,6,TRUE,TRUE,TRUE,TRUE,TRUE,TRUE,9,12,5,8,5,8,8,12,9,5,861
18,332,31,20,FALSE,187,NA,NA,8,11,10,12,12,9,13,10,11,6,6,TRUE,TRUE,TRUE,TRUE,TRUE,TRUE,9,12,6,9,6,9,8,12,10,6,861
6,5,0,0,FALSE,4,0,0,16,12,12,13,13,11,12,12,12,6,6,FALSE,FALSE,FALSE,FALSE,FALSE,FALSE,10,12,-6,-4,0,0,16,13,-10,-7,625
8,18,0,0,FALSE,6,0,0,16,12,12,13,13,11,12,12,12,6,6,FALSE,FALSE,FALSE,FALSE,FALSE,FALSE,10,12,-4,-2,0,0,16,13,-8,-5,625
9,30,0,0,FALSE,13,0,0,16,12,12,13,13,11,12,12,12,6,6,FALSE,FALSE,FALSE,FALSE,FALSE,FALSE,10,12,-3,-1,0,0,16,13,-7,-4,625
10,46,0,0,FALSE,25,0,0,16,12,12,13,13,11,12,12,12,6,6,FALSE,FALSE,FALSE,FALSE,FALSE,FALSE,10,12,-2,0,0,0,16,13,-6,-3,625
11,72,3,2,FALSE,44,0,0,16,12,12,13,13,11,12,12,12,6,6,FALSE,FALSE,FALSE,TRUE,FALSE,FALSE,10,12,-1,1,0,1,16,13,-5,-2,625
12,105,4,2,FALSE,66,5,2,16,12,12,13,13,11,12,12,12,6,6,FALSE,TRUE,FALSE,TRUE,TRUE,TRUE,10,12,0,2,0,2,16,13,-4,-1,625
13,135,16,8,FALSE,78,3,3,16,12,12,13,13,11,12,12,12,6,6,TRUE,TRUE,FALSE,TRUE,TRUE,TRUE,10,12,1,3,1,3,16,13,-3,0,625
14,174,38,19,FALSE,92,33,11,16,12,12,13,13,11,12,12,12,6,6,TRUE,TRUE,FALSE,TRUE,TRUE,TRUE,10,12,2,4,2,4,16,13,-2,1,625
15,235,54,30,FALSE,133,7,4,16,12,12,13,13,11,12,12,12,6,6,TRUE,TRUE,FALSE,TRUE,TRUE,TRUE,10,12,3,5,3,5,16,13,-1,2,625
6,47,0,0,FALSE,32,0,0,10,9,9,11,11,11,12,7,9,6,6,FALSE,FALSE,FALSE,FALSE,FALSE,FALSE,11,9,-3,-5,0,0,10,11,-4,-5,926
7,82,1,0,FALSE,52,0,0,10,9,9,11,11,11,12,7,9,6,6,FALSE,FALSE,FALSE,FALSE,FALSE,TRUE,11,9,-2,-4,0,0,10,11,-3,-4,926
8,92,1,0,FALSE,61,0,0,10,9,9,11,11,11,12,7,9,6,6,FALSE,FALSE,FALSE,FALSE,FALSE,TRUE,11,9,-1,-3,0,0,10,11,-2,-3,926
9,120,1,0,FALSE,80,1,1,10,9,9,11,11,11,12,7,9,6,6,FALSE,TRUE,FALSE,FALSE,TRUE,TRUE,11,9,0,-2,0,0,10,11,-1,-2,926
10,132,1,0,FALSE,89,0,0,10,9,9,11,11,11,12,7,9,6,6,FALSE,TRUE,TRUE,FALSE,TRUE,TRUE,11,9,1,-1,1,0,10,11,0,-1,926
11,174,1,0,FALSE,107,0,0,10,9,9,11,11,11,12,7,9,6,6,TRUE,TRUE,TRUE,TRUE,TRUE,TRUE,11,9,2,0,2,0,10,11,1,0,926
12,215,4,2,FALSE,134,4,2,10,9,9,11,11,11,12,7,9,6,6,TRUE,TRUE,TRUE,TRUE,TRUE,TRUE,11,9,3,1,3,1,10,11,2,1,926
13,236,7,3,FALSE,145,3,1,10,9,9,11,11,11,12,7,9,6,6,TRUE,TRUE,TRUE,TRUE,TRUE,TRUE,11,9,4,2,4,2,10,11,3,2,926
14,261,16,8,FALSE,155,10,2,10,9,9,11,11,11,12,7,9,6,6,TRUE,TRUE,TRUE,TRUE,TRUE,TRUE,11,9,5,3,5,3,10,11,4,3,926
15,274,23,12,FALSE,166,28,2,10,9,9,11,11,11,12,7,9,6,6,TRUE,TRUE,TRUE,TRUE,TRUE,TRUE,11,9,6,4,6,4,10,11,5,4,926
16,281,35,19,FALSE,170,3,3,10,9,9,11,11,11,12,7,9,6,6,TRUE,TRUE,TRUE,TRUE,TRUE,TRUE,11,9,7,5,7,5,10,11,6,5,926
17,303,75,45,FALSE,180,6,4,10,9,9,11,11,11,12,7,9,6,6,TRUE,TRUE,TRUE,TRUE,TRUE,TRUE,11,9,8,6,8,6,10,11,7,6,926
18,322,103,66,FALSE,193,NA,NA,10,9,9,11,11,11,12,7,9,6,6,TRUE,TRUE,TRUE,TRUE,TRUE,TRUE,11,9,9,7,9,7,10,11,8,7,926
6,4,0,0,FALSE,3,0,0,10,11,11,12,12,9,16,15,11,6,6,FALSE,FALSE,FALSE,FALSE,FALSE,FALSE,9,11,-5,-3,0,0,10,12,-4,-6,126
7,3,0,0,FALSE,3,0,0,10,11,11,12,12,9,16,15,11,6,6,FALSE,FALSE,FALSE,FALSE,FALSE,FALSE,9,11,-4,-2,0,0,10,12,-3,-5,126
8,21,0,0,FALSE,14,0,0,10,11,11,12,12,9,16,15,11,6,6,FALSE,FALSE,FALSE,FALSE,FALSE,FALSE,9,11,-3,-1,0,0,10,12,-2,-4,126
9,27,0,0,FALSE,15,0,0,10,11,11,12,12,9,16,15,11,6,6,FALSE,FALSE,FALSE,TRUE,FALSE,FALSE,9,11,-2,0,0,0,10,12,-1,-3,126
10,55,0,0,FALSE,34,0,0,10,11,11,12,12,9,16,15,11,6,6,FALSE,FALSE,TRUE,TRUE,FALSE,FALSE,9,11,-1,1,0,1,10,12,0,-2,126
11,71,0,0,FALSE,47,4,2,10,11,11,12,12,9,16,15,11,6,6,FALSE,TRUE,TRUE,TRUE,TRUE,FALSE,9,11,0,2,0,2,10,12,1,-1,126
12,102,0,0,FALSE,69,0,0,10,11,11,12,12,9,16,15,11,6,6,TRUE,TRUE,TRUE,TRUE,TRUE,FALSE,9,11,1,3,1,3,10,12,2,0,126
13,119,0,0,FALSE,83,0,0,10,11,11,12,12,9,16,15,11,6,6,TRUE,TRUE,TRUE,TRUE,TRUE,FALSE,9,11,2,4,2,4,10,12,3,1,126
14,152,0,0,FALSE,108,2,2,10,11,11,12,12,9,16,15,11,6,6,TRUE,TRUE,TRUE,TRUE,TRUE,FALSE,9,11,3,5,3,5,10,12,4,2,126
15,192,4,0,FALSE,127,0,0,10,11,11,12,12,9,16,15,11,6,6,TRUE,TRUE,TRUE,TRUE,TRUE,TRUE,9,11,4,6,4,6,10,12,5,3,126
16,231,12,4,FALSE,138,33,3,10,11,11,12,12,9,16,15,11,6,6,TRUE,TRUE,TRUE,TRUE,TRUE,TRUE,9,11,5,7,5,7,10,12,6,4,126
17,270,27,9,FALSE,146,18,2,10,11,11,12,12,9,16,15,11,6,6,TRUE,TRUE,TRUE,TRUE,TRUE,TRUE,9,11,6,8,6,8,10,12,7,5,126
18,310,32,11,FALSE,181,NA,NA,10,11,11,12,12,9,16,15,11,6,6,TRUE,TRUE,TRUE,TRUE,TRUE,TRUE,9,11,7,9,7,9,10,12,8,6,126
6,5,0,0,FALSE,5,0,0,14,14,9,12,13,14,12,10,11,6,6,FALSE,FALSE,FALSE,FALSE,FALSE,FALSE,13,11,-5,-7,0,0,14,12,-8,-6,944
7,8,0,0,FALSE,5,0,0,14,14,9,12,13,14,12,10,11,6,6,FALSE,FALSE,FALSE,FALSE,FALSE,FALSE,13,11,-4,-6,0,0,14,12,-7,-5,944
8,19,0,0,FALSE,17,0,0,14,14,9,12,13,14,12,10,11,6,6,FALSE,FALSE,FALSE,FALSE,FALSE,FALSE,13,11,-3,-5,0,0,14,12,-6,-4,944
10,48,1,0,FALSE,26,0,0,14,14,9,12,13,14,12,10,11,6,6,FALSE,FALSE,FALSE,FALSE,TRUE,TRUE,13,11,-1,-3,0,0,14,12,-4,-2,944
11,107,1,0,FALSE,60,0,0,14,14,9,12,13,14,12,10,11,6,6,FALSE,TRUE,FALSE,FALSE,TRUE,TRUE,13,11,0,-2,0,0,14,12,-3,-1,944
12,128,4,2,FALSE,72,0,0,14,14,9,12,13,14,12,10,11,6,6,TRUE,TRUE,FALSE,FALSE,TRUE,TRUE,13,11,1,-1,1,0,14,12,-2,0,944
13,174,3,2,FALSE,98,0,0,14,14,9,12,13,14,12,10,11,6,6,TRUE,TRUE,FALSE,FALSE,TRUE,TRUE,13,11,2,0,2,0,14,12,-1,1,944
14,223,7,3,FALSE,132,3,2,14,14,9,12,13,14,12,10,11,6,6,TRUE,TRUE,TRUE,TRUE,TRUE,TRUE,13,11,3,1,3,1,14,12,0,2,944
15,288,9,4,FALSE,176,0,0,14,14,9,12,13,14,12,10,11,6,6,TRUE,TRUE,TRUE,TRUE,TRUE,TRUE,13,11,4,2,4,2,14,12,1,3,944
16,339,13,4,FALSE,199,1,1,14,14,9,12,13,14,12,10,11,6,6,TRUE,TRUE,TRUE,TRUE,TRUE,TRUE,13,11,5,3,5,3,14,12,2,4,944
6,0,0,0,FALSE,0,0,0,9,14,13,10,10,6,13,13,9,7,7,FALSE,FALSE,FALSE,TRUE,FALSE,FALSE,6,10,-4,0,0,0,9,10,-3,-4,515
7,10,0,0,FALSE,6,0,0,9,14,13,10,10,6,13,13,9,7,7,FALSE,FALSE,FALSE,TRUE,FALSE,FALSE,6,10,-3,1,0,1,9,10,-2,-3,515
8,10,0,0,FALSE,6,0,0,9,14,13,10,10,6,13,13,9,7,7,FALSE,FALSE,FALSE,TRUE,FALSE,FALSE,6,10,-2,2,0,2,9,10,-1,-2,515
9,13,0,0,FALSE,7,0,0,9,14,13,10,10,6,13,13,9,7,7,FALSE,TRUE,TRUE,TRUE,FALSE,FALSE,6,10,-1,3,0,3,9,10,0,-1,515
10,43,0,0,FALSE,27,0,0,9,14,13,10,10,6,13,13,9,7,7,TRUE,TRUE,TRUE,TRUE,FALSE,FALSE,6,10,0,4,0,4,9,10,1,0,515
11,58,0,0,FALSE,29,0,0,9,14,13,10,10,6,13,13,9,7,7,TRUE,TRUE,TRUE,TRUE,FALSE,FALSE,6,10,1,5,1,5,9,10,2,1,515
12,98,0,0,FALSE,54,0,0,9,14,13,10,10,6,13,13,9,7,7,TRUE,TRUE,TRUE,TRUE,FALSE,FALSE,6,10,2,6,2,6,9,10,3,2,515
13,153,1,1,FALSE,80,0,0,9,14,13,10,10,6,13,13,9,7,7,TRUE,TRUE,TRUE,TRUE,TRUE,TRUE,6,10,3,7,3,7,9,10,4,3,515
14,212,11,4,FALSE,128,2,1,9,14,13,10,10,6,13,13,9,7,7,TRUE,TRUE,TRUE,TRUE,TRUE,TRUE,6,10,4,8,4,8,9,10,5,4,515
15,230,25,14,FALSE,139,3,1,9,14,13,10,10,6,13,13,9,7,7,TRUE,TRUE,TRUE,TRUE,TRUE,TRUE,6,10,5,9,5,9,9,10,6,5,515
16,274,28,16,FALSE,165,0,0,9,14,13,10,10,6,13,13,9,7,7,TRUE,TRUE,TRUE,TRUE,TRUE,TRUE,6,10,6,10,6,10,9,10,7,6,515
17,296,32,19,FALSE,178,3,2,9,14,13,10,10,6,13,13,9,7,7,TRUE,TRUE,TRUE,TRUE,TRUE,TRUE,6,10,7,11,7,11,9,10,8,7,515
18,337,78,46,FALSE,199,NA,NA,9,14,13,10,10,6,13,13,9,7,7,TRUE,TRUE,TRUE,TRUE,TRUE,TRUE,6,10,8,12,8,12,9,10,9,8,515
6,0,0,0,FALSE,0,0,0,13,14,12,14,14,12,11,11,13,8,8,FALSE,FALSE,FALSE,FALSE,FALSE,FALSE,12,13,-7,-6,0,0,13,14,-7,-8,375
7,0,0,0,FALSE,0,0,0,13,14,12,14,14,12,11,11,13,8,8,FALSE,FALSE,FALSE,FALSE,FALSE,FALSE,12,13,-6,-5,0,0,13,14,-6,-7,375
8,4,0,0,FALSE,4,0,0,13,14,12,14,14,12,11,11,13,8,8,FALSE,FALSE,FALSE,FALSE,FALSE,FALSE,12,13,-5,-4,0,0,13,14,-5,-6,375
9,24,0,0,FALSE,13,0,0,13,14,12,14,14,12,11,11,13,8,8,FALSE,FALSE,FALSE,FALSE,FALSE,FALSE,12,13,-4,-3,0,0,13,14,-4,-5,375
10,65,0,0,FALSE,44,0,0,13,14,12,14,14,12,11,11,13,8,8,FALSE,FALSE,FALSE,FALSE,FALSE,FALSE,12,13,-3,-2,0,0,13,14,-3,-4,375
11,99,2,1,FALSE,70,0,0,13,14,12,14,14,12,11,11,13,8,8,FALSE,FALSE,FALSE,FALSE,FALSE,TRUE,12,13,-2,-1,0,0,13,14,-2,-3,375
12,180,2,1,FALSE,117,0,0,13,14,12,14,14,12,11,11,13,8,8,FALSE,FALSE,FALSE,TRUE,TRUE,TRUE,12,13,-1,0,0,0,13,14,-1,-2,375
13,213,2,1,FALSE,133,0,0,13,14,12,14,14,12,11,11,13,8,8,FALSE,TRUE,TRUE,TRUE,TRUE,TRUE,12,13,0,1,0,1,13,14,0,-1,375
14,230,4,1,FALSE,138,11,2,13,14,12,14,14,12,11,11,13,8,8,TRUE,TRUE,TRUE,TRUE,TRUE,TRUE,12,13,1,2,1,2,13,14,1,0,375
15,256,9,5,FALSE,150,5,2,13,14,12,14,14,12,11,11,13,8,8,TRUE,TRUE,TRUE,TRUE,TRUE,TRUE,12,13,2,3,2,3,13,14,2,1,375
16,267,13,8,FALSE,155,1,1,13,14,12,14,14,12,11,11,13,8,8,TRUE,TRUE,TRUE,TRUE,TRUE,TRUE,12,13,3,4,3,4,13,14,3,2,375
17,287,15,8,FALSE,166,0,0,13,14,12,14,14,12,11,11,13,8,8,TRUE,TRUE,TRUE,TRUE,TRUE,TRUE,12,13,4,5,4,5,13,14,4,3,375
18,300,28,18,FALSE,176,NA,NA,13,14,12,14,14,12,11,11,13,8,8,TRUE,TRUE,TRUE,TRUE,TRUE,TRUE,12,13,5,6,5,6,13,14,5,4,375
6,7,0,0,FALSE,6,0,0,12,13,13,11,11,6,9,9,11,6,6,FALSE,FALSE,FALSE,TRUE,FALSE,FALSE,6,11,-5,0,0,0,12,11,-6,-5,738
7,7,0,0,FALSE,6,0,0,12,13,13,11,11,6,9,9,11,6,6,FALSE,FALSE,FALSE,TRUE,FALSE,FALSE,6,11,-4,1,0,1,12,11,-5,-4,738
8,8,0,0,FALSE,7,0,0,12,13,13,11,11,6,9,9,11,6,6,FALSE,FALSE,FALSE,TRUE,FALSE,FALSE,6,11,-3,2,0,2,12,11,-4,-3,738
9,11,2,2,FALSE,8,0,0,12,13,13,11,11,6,9,9,11,6,6,FALSE,FALSE,FALSE,TRUE,FALSE,TRUE,6,11,-2,3,0,3,12,11,-3,-2,738
10,17,2,2,FALSE,12,0,0,12,13,13,11,11,6,9,9,11,6,6,FALSE,FALSE,FALSE,TRUE,FALSE,TRUE,6,11,-1,4,0,4,12,11,-2,-1,738
11,23,2,2,FALSE,16,0,0,12,13,13,11,11,6,9,9,11,6,6,TRUE,TRUE,FALSE,TRUE,FALSE,TRUE,6,11,0,5,0,5,12,11,-1,0,738
12,53,2,2,FALSE,32,0,0,12,13,13,11,11,6,9,9,11,6,6,TRUE,TRUE,TRUE,TRUE,FALSE,TRUE,6,11,1,6,1,6,12,11,0,1,738
13,83,2,2,FALSE,52,2,2,12,13,13,11,11,6,9,9,11,6,6,TRUE,TRUE,TRUE,TRUE,TRUE,TRUE,6,11,2,7,2,7,12,11,1,2,738
14,165,2,2,FALSE,107,7,4,12,13,13,11,11,6,9,9,11,6,6,TRUE,TRUE,TRUE,TRUE,TRUE,TRUE,6,11,3,8,3,8,12,11,2,3,738
15,200,2,2,FALSE,127,0,0,12,13,13,11,11,6,9,9,11,6,6,TRUE,TRUE,TRUE,TRUE,TRUE,TRUE,6,11,4,9,4,9,12,11,3,4,738
16,239,14,6,FALSE,152,5,3,12,13,13,11,11,6,9,9,11,6,6,TRUE,TRUE,TRUE,TRUE,TRUE,TRUE,6,11,5,10,5,10,12,11,4,5,738
17,257,20,11,FALSE,160,107,12,12,13,13,11,11,6,9,9,11,6,6,TRUE,TRUE,TRUE,TRUE,TRUE,TRUE,6,11,6,11,6,11,12,11,5,6,738
18,308,38,15,FALSE,179,NA,NA,12,13,13,11,11,6,9,9,11,6,6,TRUE,TRUE,TRUE,TRUE,TRUE,TRUE,6,11,7,12,7,12,12,11,6,7,738
6,0,0,0,FALSE,0,0,0,16,14,10,11,11,14,9,9,10,9,9,FALSE,FALSE,FALSE,FALSE,FALSE,FALSE,14,11,-5,-8,0,0,16,11,-10,-5,575
7,0,0,0,FALSE,0,0,0,16,14,10,11,11,14,9,9,10,9,9,FALSE,FALSE,FALSE,FALSE,FALSE,FALSE,14,11,-4,-7,0,0,16,11,-9,-4,575
8,0,0,0,FALSE,0,0,0,16,14,10,11,11,14,9,9,10,9,9,FALSE,FALSE,FALSE,FALSE,FALSE,FALSE,14,11,-3,-6,0,0,16,11,-8,-3,575
9,5,2,2,FALSE,2,0,0,16,14,10,11,11,14,9,9,10,9,9,FALSE,FALSE,FALSE,FALSE,FALSE,TRUE,14,11,-2,-5,0,0,16,11,-7,-2,575
10,7,2,2,FALSE,3,0,0,16,14,10,11,11,14,9,9,10,9,9,FALSE,TRUE,FALSE,FALSE,TRUE,TRUE,14,11,-1,-4,0,0,16,11,-6,-1,575
11,7,2,2,FALSE,3,1,1,16,14,10,11,11,14,9,9,10,9,9,TRUE,TRUE,FALSE,FALSE,TRUE,TRUE,14,11,0,-3,0,0,16,11,-5,0,575
12,7,2,2,FALSE,3,0,0,16,14,10,11,11,14,9,9,10,9,9,TRUE,TRUE,FALSE,FALSE,TRUE,TRUE,14,11,1,-2,1,0,16,11,-4,1,575
13,8,2,2,FALSE,3,0,0,16,14,10,11,11,14,9,9,10,9,9,TRUE,TRUE,FALSE,FALSE,TRUE,TRUE,14,11,2,-1,2,0,16,11,-3,2,575
14,9,2,2,FALSE,3,0,0,16,14,10,11,11,14,9,9,10,9,9,TRUE,TRUE,FALSE,TRUE,TRUE,TRUE,14,11,3,0,3,0,16,11,-2,3,575
15,11,2,2,FALSE,5,0,0,16,14,10,11,11,14,9,9,10,9,9,TRUE,TRUE,FALSE,TRUE,TRUE,TRUE,14,11,4,1,4,1,16,11,-1,4,575
16,13,2,2,FALSE,6,1,1,16,14,10,11,11,14,9,9,10,9,9,TRUE,TRUE,TRUE,TRUE,TRUE,TRUE,14,11,5,2,5,2,16,11,0,5,575
17,24,2,2,FALSE,13,0,0,16,14,10,11,11,14,9,9,10,9,9,TRUE,TRUE,TRUE,TRUE,TRUE,TRUE,14,11,6,3,6,3,16,11,1,6,575
18,24,2,2,FALSE,13,NA,NA,16,14,10,11,11,14,9,9,10,9,9,TRUE,TRUE,TRUE,TRUE,TRUE,TRUE,14,11,7,4,7,4,16,11,2,7,575
6,3,0,0,FALSE,3,0,0,11,12,11,17,17,12,15,11,14,6,6,FALSE,FALSE,FALSE,FALSE,FALSE,FALSE,12,15,-9,-6,0,0,11,17,-5,-11,639
7,3,0,0,FALSE,3,0,0,11,12,11,17,17,12,15,11,14,6,6,FALSE,FALSE,FALSE,FALSE,FALSE,FALSE,12,15,-8,-5,0,0,11,17,-4,-10,639
8,5,0,0,FALSE,4,0,0,11,12,11,17,17,12,15,11,14,6,6,FALSE,FALSE,FALSE,FALSE,FALSE,FALSE,12,15,-7,-4,0,0,11,17,-3,-9,639
9,15,0,0,FALSE,9,0,0,11,12,11,17,17,12,15,11,14,6,6,FALSE,FALSE,FALSE,FALSE,FALSE,FALSE,12,15,-6,-3,0,0,11,17,-2,-8,639
10,34,0,0,FALSE,21,0,0,11,12,11,17,17,12,15,11,14,6,6,FALSE,FALSE,FALSE,FALSE,FALSE,FALSE,12,15,-5,-2,0,0,11,17,-1,-7,639
11,53,1,0,FALSE,29,0,0,11,12,11,17,17,12,15,11,14,6,6,FALSE,FALSE,TRUE,FALSE,TRUE,TRUE,12,15,-4,-1,0,0,11,17,0,-6,639
12,76,2,0,FALSE,41,3,3,11,12,11,17,17,12,15,11,14,6,6,FALSE,FALSE,TRUE,TRUE,TRUE,TRUE,12,15,-3,0,0,0,11,17,1,-5,639
13,88,2,0,FALSE,47,1,1,11,12,11,17,17,12,15,11,14,6,6,FALSE,FALSE,TRUE,TRUE,TRUE,TRUE,12,15,-2,1,0,1,11,17,2,-4,639
14,118,2,0,FALSE,66,1,1,11,12,11,17,17,12,15,11,14,6,6,FALSE,TRUE,TRUE,TRUE,TRUE,TRUE,12,15,-1,2,0,2,11,17,3,-3,639
15,137,4,2,FALSE,80,7,2,11,12,11,17,17,12,15,11,14,6,6,FALSE,TRUE,TRUE,TRUE,TRUE,TRUE,12,15,0,3,0,3,11,17,4,-2,639
16,154,4,2,FALSE,88,2,2,11,12,11,17,17,12,15,11,14,6,6,FALSE,TRUE,TRUE,TRUE,TRUE,TRUE,12,15,1,4,1,4,11,17,5,-1,639
17,185,4,2,FALSE,107,7,5,11,12,11,17,17,12,15,11,14,6,6,TRUE,TRUE,TRUE,TRUE,TRUE,TRUE,12,15,2,5,2,5,11,17,6,0,639
18,204,6,3,FALSE,116,NA,NA,11,12,11,17,17,12,15,11,14,6,6,TRUE,TRUE,TRUE,TRUE,TRUE,TRUE,12,15,3,6,3,6,11,17,7,1,639
6,8,0,0,FALSE,6,0,0,10,14,14,17,17,11,15,15,16,6,6,FALSE,FALSE,FALSE,FALSE,FALSE,FALSE,11,16,-10,-5,0,0,10,17,-4,-11,168
7,11,0,0,FALSE,7,0,0,10,14,14,17,17,11,15,15,16,6,6,FALSE,FALSE,FALSE,FALSE,FALSE,FALSE,11,16,-9,-4,0,0,10,17,-3,-10,168
8,20,0,0,FALSE,14,0,0,10,14,14,17,17,11,15,15,16,6,6,FALSE,FALSE,FALSE,FALSE,FALSE,FALSE,11,16,-8,-3,0,0,10,17,-2,-9,168
9,32,0,0,FALSE,19,0,0,10,14,14,17,17,11,15,15,16,6,6,FALSE,FALSE,FALSE,FALSE,FALSE,FALSE,11,16,-7,-2,0,0,10,17,-1,-8,168
10,43,0,0,FALSE,29,0,0,10,14,14,17,17,11,15,15,16,6,6,FALSE,FALSE,TRUE,FALSE,FALSE,FALSE,11,16,-6,-1,0,0,10,17,0,-7,168
11,47,0,0,FALSE,33,0,0,10,14,14,17,17,11,15,15,16,6,6,FALSE,FALSE,TRUE,TRUE,FALSE,FALSE,11,16,-5,0,0,0,10,17,1,-6,168
12,59,0,0,FALSE,40,0,0,10,14,14,17,17,11,15,15,16,6,6,FALSE,FALSE,TRUE,TRUE,FALSE,FALSE,11,16,-4,1,0,1,10,17,2,-5,168
13,72,0,0,FALSE,52,0,0,10,14,14,17,17,11,15,15,16,6,6,FALSE,FALSE,TRUE,TRUE,FALSE,FALSE,11,16,-3,2,0,2,10,17,3,-4,168
14,83,0,0,FALSE,59,1,1,10,14,14,17,17,11,15,15,16,6,6,FALSE,FALSE,TRUE,TRUE,TRUE,FALSE,11,16,-2,3,0,3,10,17,4,-3,168
15,87,1,1,FALSE,63,1,1,10,14,14,17,17,11,15,15,16,6,6,FALSE,FALSE,TRUE,TRUE,TRUE,TRUE,11,16,-1,4,0,4,10,17,5,-2,168
16,97,1,1,FALSE,70,1,1,10,14,14,17,17,11,15,15,16,6,6,FALSE,TRUE,TRUE,TRUE,TRUE,TRUE,11,16,0,5,0,5,10,17,6,-1,168
17,105,1,1,FALSE,73,8,2,10,14,14,17,17,11,15,15,16,6,6,TRUE,TRUE,TRUE,TRUE,TRUE,TRUE,11,16,1,6,1,6,10,17,7,0,168
18,147,5,4,FALSE,102,NA,NA,10,14,14,17,17,11,15,15,16,6,6,TRUE,TRUE,TRUE,TRUE,TRUE,TRUE,11,16,2,7,2,7,10,17,8,1,168
6,9,0,0,FALSE,8,0,0,14,12,10,10,10,10,14,14,10,6,6,FALSE,FALSE,FALSE,FALSE,FALSE,FALSE,10,10,-4,-4,0,0,14,10,-8,-4,737
7,21,0,0,FALSE,14,0,0,14,12,10,10,10,10,14,14,10,6,6,FALSE,FALSE,FALSE,FALSE,FALSE,FALSE,10,10,-3,-3,0,0,14,10,-7,-3,737
8,46,0,0,FALSE,32,0,0,14,12,10,10,10,10,14,14,10,6,6,FALSE,FALSE,FALSE,FALSE,FALSE,FALSE,10,10,-2,-2,0,0,14,10,-6,-2,737
9,71,0,0,FALSE,45,0,0,14,12,10,10,10,10,14,14,10,6,6,FALSE,FALSE,FALSE,FALSE,FALSE,FALSE,10,10,-1,-1,0,0,14,10,-5,-1,737
10,113,0,0,FALSE,68,0,0,14,12,10,10,10,10,14,14,10,6,6,TRUE,TRUE,FALSE,TRUE,TRUE,FALSE,10,10,0,0,0,0,14,10,-4,0,737
11,126,0,0,FALSE,76,0,0,14,12,10,10,10,10,14,14,10,6,6,TRUE,TRUE,FALSE,TRUE,TRUE,FALSE,10,10,1,1,1,1,14,10,-3,1,737
12,178,0,0,FALSE,106,1,1,14,12,10,10,10,10,14,14,10,6,6,TRUE,TRUE,FALSE,TRUE,TRUE,FALSE,10,10,2,2,2,2,14,10,-2,2,737
13,223,0,0,FALSE,129,0,0,14,12,10,10,10,10,14,14,10,6,6,TRUE,TRUE,FALSE,TRUE,TRUE,FALSE,10,10,3,3,3,3,14,10,-1,3,737
14,256,1,1,FALSE,138,5,2,14,12,10,10,10,10,14,14,10,6,6,TRUE,TRUE,TRUE,TRUE,TRUE,TRUE,10,10,4,4,4,4,14,10,0,4,737
15,289,8,5,FALSE,152,3,1,14,12,10,10,10,10,14,14,10,6,6,TRUE,TRUE,TRUE,TRUE,TRUE,TRUE,10,10,5,5,5,5,14,10,1,5,737
16,297,13,9,FALSE,157,3,1,14,12,10,10,10,10,14,14,10,6,6,TRUE,TRUE,TRUE,TRUE,TRUE,TRUE,10,10,6,6,6,6,14,10,2,6,737
17,341,27,17,FALSE,189,8,4,14,12,10,10,10,10,14,14,10,6,6,TRUE,TRUE,TRUE,TRUE,TRUE,TRUE,10,10,7,7,7,7,14,10,3,7,737
18,352,34,22,FALSE,197,NA,NA,14,12,10,10,10,10,14,14,10,6,6,TRUE,TRUE,TRUE,TRUE,TRUE,TRUE,10,10,8,8,8,8,14,10,4,8,737
6,11,0,0,FALSE,11,0,0,10,11,11,12,12,10,13,12,11,6,6,FALSE,FALSE,FALSE,FALSE,FALSE,FALSE,10,11,-5,-4,0,0,10,12,-4,-6,518
7,31,0,0,FALSE,29,0,0,10,11,11,12,12,10,13,12,11,6,6,FALSE,FALSE,FALSE,FALSE,FALSE,FALSE,10,11,-4,-3,0,0,10,12,-3,-5,518
8,60,0,0,FALSE,47,0,0,10,11,11,12,12,10,13,12,11,6,6,FALSE,FALSE,FALSE,FALSE,FALSE,FALSE,10,11,-3,-2,0,0,10,12,-2,-4,518
9,94,0,0,FALSE,73,0,0,10,11,11,12,12,10,13,12,11,6,6,FALSE,FALSE,FALSE,FALSE,FALSE,FALSE,10,11,-2,-1,0,0,10,12,-1,-3,518
10,116,0,0,FALSE,93,1,1,10,11,11,12,12,10,13,12,11,6,6,FALSE,FALSE,TRUE,TRUE,FALSE,FALSE,10,11,-1,0,0,0,10,12,0,-2,518
11,181,6,0,FALSE,147,3,3,10,11,11,12,12,10,13,12,11,6,6,FALSE,TRUE,TRUE,TRUE,TRUE,FALSE,10,11,0,1,0,1,10,12,1,-1,518
13,215,10,4,FALSE,146,1,1,10,11,11,12,12,10,13,12,11,6,6,TRUE,TRUE,TRUE,TRUE,TRUE,TRUE,10,11,2,3,2,3,10,12,3,1,518
14,258,22,10,FALSE,169,1,1,10,11,11,12,12,10,13,12,11,6,6,TRUE,TRUE,TRUE,TRUE,TRUE,TRUE,10,11,3,4,3,4,10,12,4,2,518
15,263,30,15,FALSE,172,37,3,10,11,11,12,12,10,13,12,11,6,6,TRUE,TRUE,TRUE,TRUE,TRUE,TRUE,10,11,4,5,4,5,10,12,5,3,518
16,300,41,19,FALSE,188,16,4,10,11,11,12,12,10,13,12,11,6,6,TRUE,TRUE,TRUE,TRUE,TRUE,TRUE,10,11,5,6,5,6,10,12,6,4,518
17,311,52,24,FALSE,190,18,7,10,11,11,12,12,10,13,12,11,6,6,TRUE,TRUE,TRUE,TRUE,TRUE,TRUE,10,11,6,7,6,7,10,12,7,5,518
18,334,68,33,FALSE,204,NA,NA,10,11,11,12,12,10,13,12,11,6,6,TRUE,TRUE,TRUE,TRUE,TRUE,TRUE,10,11,7,8,7,8,10,12,8,6,518
6,17,0,0,FALSE,10,0,0,10,16,14,12,13,12,14,12,12,6,6,FALSE,FALSE,FALSE,FALSE,FALSE,FALSE,11,14,-8,-5,0,0,10,12,-4,-6,151
7,23,0,0,FALSE,12,0,0,10,16,14,12,13,12,14,12,12,6,6,FALSE,FALSE,FALSE,FALSE,FALSE,FALSE,11,14,-7,-4,0,0,10,12,-3,-5,151
8,35,0,0,FALSE,17,0,0,10,16,14,12,13,12,14,12,12,6,6,FALSE,FALSE,FALSE,FALSE,FALSE,FALSE,11,14,-6,-3,0,0,10,12,-2,-4,151
9,38,0,0,FALSE,19,0,0,10,16,14,12,13,12,14,12,12,6,6,FALSE,FALSE,FALSE,FALSE,FALSE,FALSE,11,14,-5,-2,0,0,10,12,-1,-3,151
10,56,0,0,FALSE,31,0,0,10,16,14,12,13,12,14,12,12,6,6,FALSE,FALSE,TRUE,FALSE,FALSE,FALSE,11,14,-4,-1,0,0,10,12,0,-2,151
11,72,1,0,FALSE,40,0,0,10,16,14,12,13,12,14,12,12,6,6,FALSE,FALSE,TRUE,FALSE,FALSE,FALSE,11,14,-3,0,0,0,10,12,1,-1,151
14,31,7,6,FALSE,23,0,0,10,16,14,12,13,12,14,12,12,6,6,TRUE,TRUE,TRUE,TRUE,TRUE,TRUE,11,14,0,3,0,3,10,12,4,2,151
15,49,8,6,FALSE,36,0,0,10,16,14,12,13,12,14,12,12,6,6,TRUE,TRUE,TRUE,TRUE,TRUE,TRUE,11,14,1,4,1,4,10,12,5,3,151
16,94,10,6,FALSE,66,3,1,10,16,14,12,13,12,14,12,12,6,6,TRUE,TRUE,TRUE,TRUE,TRUE,TRUE,11,14,2,5,2,5,10,12,6,4,151
6,12,0,0,FALSE,6,0,0,12,NA,10,17,17,9,NA,8,16,6,6,FALSE,FALSE,FALSE,FALSE,FALSE,FALSE,9,17,-11,-3,0,0,12,17,-6,-11,255
7,30,1,0,FALSE,16,0,0,12,NA,10,17,17,9,NA,8,16,6,6,FALSE,FALSE,FALSE,FALSE,FALSE,FALSE,9,17,-10,-2,0,0,12,17,-5,-10,255
8,36,1,0,FALSE,22,0,0,12,NA,10,17,17,9,NA,8,16,6,6,FALSE,FALSE,FALSE,FALSE,FALSE,TRUE,9,17,-9,-1,0,0,12,17,-4,-9,255
9,71,1,0,FALSE,45,0,0,12,NA,10,17,17,9,NA,8,16,6,6,FALSE,FALSE,FALSE,TRUE,FALSE,TRUE,9,17,-8,0,0,0,12,17,-3,-8,255
10,83,2,0,FALSE,54,0,0,12,NA,10,17,17,9,NA,8,16,6,6,FALSE,FALSE,FALSE,TRUE,TRUE,TRUE,9,17,-7,1,0,1,12,17,-2,-7,255
11,103,2,0,FALSE,68,0,0,12,NA,10,17,17,9,NA,8,16,6,6,FALSE,FALSE,FALSE,TRUE,TRUE,TRUE,9,17,-6,2,0,2,12,17,-1,-6,255
12,123,2,0,FALSE,78,0,0,12,NA,10,17,17,9,NA,8,16,6,6,FALSE,FALSE,TRUE,TRUE,TRUE,TRUE,9,17,-5,3,0,3,12,17,0,-5,255
13,135,3,0,FALSE,87,0,0,12,NA,10,17,17,9,NA,8,16,6,6,FALSE,FALSE,TRUE,TRUE,TRUE,TRUE,9,17,-4,4,0,4,12,17,1,-4,255
14,174,5,0,FALSE,115,0,0,12,NA,10,17,17,9,NA,8,16,6,6,FALSE,FALSE,TRUE,TRUE,TRUE,TRUE,9,17,-3,5,0,5,12,17,2,-3,255
15,195,5,0,FALSE,119,0,0,12,NA,10,17,17,9,NA,8,16,6,6,FALSE,FALSE,TRUE,TRUE,TRUE,TRUE,9,17,-2,6,0,6,12,17,3,-2,255
16,261,5,0,FALSE,158,0,0,12,NA,10,17,17,9,NA,8,16,6,6,FALSE,TRUE,TRUE,TRUE,TRUE,TRUE,9,17,-1,7,0,7,12,17,4,-1,255
17,273,5,0,FALSE,165,0,0,12,NA,10,17,17,9,NA,8,16,6,6,TRUE,TRUE,TRUE,TRUE,TRUE,TRUE,9,17,0,8,0,8,12,17,5,0,255
18,296,5,0,FALSE,173,NA,NA,12,NA,10,17,17,9,NA,8,16,6,6,TRUE,TRUE,TRUE,TRUE,TRUE,TRUE,9,17,1,9,1,9,12,17,6,1,255
6,3,0,0,FALSE,3,0,0,8,16,10,11,11,6,NA,14,11,6,6,FALSE,FALSE,FALSE,TRUE,FALSE,FALSE,6,11,-5,0,0,0,8,11,-2,-5,893
7,13,0,0,FALSE,9,0,0,8,16,10,11,11,6,NA,14,11,6,6,FALSE,FALSE,FALSE,TRUE,FALSE,FALSE,6,11,-4,1,0,1,8,11,-1,-4,893
9,25,0,0,FALSE,16,0,0,8,16,10,11,11,6,NA,14,11,6,6,FALSE,FALSE,TRUE,TRUE,FALSE,FALSE,6,11,-2,3,0,3,8,11,1,-2,893
10,26,0,0,FALSE,17,0,0,8,16,10,11,11,6,NA,14,11,6,6,FALSE,FALSE,TRUE,TRUE,TRUE,FALSE,6,11,-1,4,0,4,8,11,2,-1,893
11,42,0,0,FALSE,21,0,0,8,16,10,11,11,6,NA,14,11,6,6,TRUE,TRUE,TRUE,TRUE,TRUE,FALSE,6,11,0,5,0,5,8,11,3,0,893
12,51,0,0,FALSE,21,0,0,8,16,10,11,11,6,NA,14,11,6,6,TRUE,TRUE,TRUE,TRUE,TRUE,FALSE,6,11,1,6,1,6,8,11,4,1,893
13,64,0,0,FALSE,28,0,0,8,16,10,11,11,6,NA,14,11,6,6,TRUE,TRUE,TRUE,TRUE,TRUE,FALSE,6,11,2,7,2,7,8,11,5,2,893
14,80,1,0,FALSE,38,0,0,8,16,10,11,11,6,NA,14,11,6,6,TRUE,TRUE,TRUE,TRUE,TRUE,TRUE,6,11,3,8,3,8,8,11,6,3,893
16,123,1,0,FALSE,76,3,2,8,16,10,11,11,6,NA,14,11,6,6,TRUE,TRUE,TRUE,TRUE,TRUE,TRUE,6,11,5,10,5,10,8,11,8,5,893
6,0,0,0,FALSE,0,0,0,16,12,11,12,12,13,12,12,12,NA,NA,FALSE,FALSE,FALSE,FALSE,FALSE,FALSE,13,12,-6,-7,0,0,16,12,-10,-6,424
7,0,0,0,FALSE,0,0,0,16,12,11,12,12,13,12,12,12,NA,NA,FALSE,FALSE,FALSE,FALSE,FALSE,FALSE,13,12,-5,-6,0,0,16,12,-9,-5,424
8,0,0,0,FALSE,0,0,0,16,12,11,12,12,13,12,12,12,NA,NA,FALSE,FALSE,FALSE,FALSE,FALSE,FALSE,13,12,-4,-5,0,0,16,12,-8,-4,424
9,3,0,0,FALSE,3,0,0,16,12,11,12,12,13,12,12,12,NA,NA,FALSE,FALSE,FALSE,FALSE,FALSE,FALSE,13,12,-3,-4,0,0,16,12,-7,-3,424
11,7,0,0,FALSE,6,0,0,16,12,11,12,12,13,12,12,12,NA,NA,FALSE,FALSE,FALSE,FALSE,TRUE,FALSE,13,12,-1,-2,0,0,16,12,-5,-1,424
12,11,2,2,FALSE,8,1,1,16,12,11,12,12,13,12,12,12,NA,NA,TRUE,TRUE,FALSE,FALSE,TRUE,TRUE,13,12,0,-1,0,0,16,12,-4,0,424
13,36,6,3,FALSE,19,0,0,16,12,11,12,12,13,12,12,12,NA,NA,TRUE,TRUE,FALSE,TRUE,TRUE,TRUE,13,12,1,0,1,0,16,12,-3,1,424
14,69,7,5,FALSE,39,1,1,16,12,11,12,12,13,12,12,12,NA,NA,TRUE,TRUE,FALSE,TRUE,TRUE,TRUE,13,12,2,1,2,1,16,12,-2,2,424
15,105,7,5,FALSE,57,21,3,16,12,11,12,12,13,12,12,12,NA,NA,TRUE,TRUE,FALSE,TRUE,TRUE,TRUE,13,12,3,2,3,2,16,12,-1,3,424
16,142,13,7,FALSE,74,39,10,16,12,11,12,12,13,12,12,12,NA,NA,TRUE,TRUE,TRUE,TRUE,TRUE,TRUE,13,12,4,3,4,3,16,12,0,4,424
17,181,20,10,FALSE,96,16,8,16,12,11,12,12,13,12,12,12,NA,NA,TRUE,TRUE,TRUE,TRUE,TRUE,TRUE,13,12,5,4,5,4,16,12,1,5,424
10,7,0,0,FALSE,6,0,0,16,12,11,12,12,13,12,12,12,NA,NA,FALSE,FALSE,FALSE,FALSE,FALSE,FALSE,13,12,-2,-3,0,0,16,12,-6,-2,424
6,0,0,0,FALSE,0,0,0,10,10,10,12,13,12,12,12,12,NA,NA,FALSE,FALSE,FALSE,FALSE,FALSE,FALSE,12,12,-6,-6,0,0,10,12,-4,-6,351
7,0,0,0,FALSE,0,0,0,10,10,10,12,13,12,12,12,12,NA,NA,FALSE,FALSE,FALSE,FALSE,FALSE,FALSE,12,12,-5,-5,0,0,10,12,-3,-5,351
8,0,0,0,FALSE,0,0,0,10,10,10,12,13,12,12,12,12,NA,NA,FALSE,FALSE,FALSE,FALSE,FALSE,FALSE,12,12,-4,-4,0,0,10,12,-2,-4,351
9,5,0,0,FALSE,4,0,0,10,10,10,12,13,12,12,12,12,NA,NA,FALSE,FALSE,FALSE,FALSE,FALSE,FALSE,12,12,-3,-3,0,0,10,12,-1,-3,351
11,10,0,0,FALSE,6,0,0,10,10,10,12,13,12,12,12,12,NA,NA,FALSE,FALSE,TRUE,FALSE,TRUE,FALSE,12,12,-1,-1,0,0,10,12,1,-1,351
12,35,3,2,FALSE,17,3,3,10,10,10,12,13,12,12,12,12,NA,NA,TRUE,TRUE,TRUE,TRUE,TRUE,TRUE,12,12,0,0,0,0,10,12,2,0,351
13,44,4,3,FALSE,24,0,0,10,10,10,12,13,12,12,12,12,NA,NA,TRUE,TRUE,TRUE,TRUE,TRUE,TRUE,12,12,1,1,1,1,10,12,3,1,351
14,79,8,6,FALSE,45,53,4,10,10,10,12,13,12,12,12,12,NA,NA,TRUE,TRUE,TRUE,TRUE,TRUE,TRUE,12,12,2,2,2,2,10,12,4,2,351
15,130,12,8,FALSE,74,37,5,10,10,10,12,13,12,12,12,12,NA,NA,TRUE,TRUE,TRUE,TRUE,TRUE,TRUE,12,12,3,3,3,3,10,12,5,3,351
16,176,25,13,FALSE,99,77,10,10,10,10,12,13,12,12,12,12,NA,NA,TRUE,TRUE,TRUE,TRUE,TRUE,TRUE,12,12,4,4,4,4,10,12,6,4,351
17,198,40,22,FALSE,112,110,29,10,10,10,12,13,12,12,12,12,NA,NA,TRUE,TRUE,TRUE,TRUE,TRUE,TRUE,12,12,5,5,5,5,10,12,7,5,351
10,9,0,0,FALSE,6,1,1,10,10,10,12,13,12,12,12,12,NA,NA,FALSE,FALSE,TRUE,FALSE,TRUE,FALSE,12,12,-2,-2,0,0,10,12,0,-2,351
6,0,0,0,FALSE,0,0,0,10,NA,17,12,12,10,NA,12,11,7,7,FALSE,FALSE,FALSE,FALSE,FALSE,FALSE,10,11,-5,-4,0,0,10,12,-4,-6,950
7,1,0,0,FALSE,1,0,0,10,NA,17,12,12,10,NA,12,11,7,7,FALSE,FALSE,FALSE,FALSE,FALSE,FALSE,10,11,-4,-3,0,0,10,12,-3,-5,950
8,1,0,0,FALSE,1,0,0,10,NA,17,12,12,10,NA,12,11,7,7,FALSE,FALSE,FALSE,FALSE,FALSE,FALSE,10,11,-3,-2,0,0,10,12,-2,-4,950
9,15,0,0,FALSE,13,0,0,10,NA,17,12,12,10,NA,12,11,7,7,FALSE,FALSE,FALSE,FALSE,FALSE,FALSE,10,11,-2,-1,0,0,10,12,-1,-3,950
10,16,0,0,FALSE,13,0,0,10,NA,17,12,12,10,NA,12,11,7,7,FALSE,FALSE,TRUE,TRUE,FALSE,FALSE,10,11,-1,0,0,0,10,12,0,-2,950
11,38,0,0,FALSE,29,0,0,10,NA,17,12,12,10,NA,12,11,7,7,FALSE,TRUE,TRUE,TRUE,FALSE,FALSE,10,11,0,1,0,1,10,12,1,-1,950
12,67,1,0,FALSE,46,0,0,10,NA,17,12,12,10,NA,12,11,7,7,TRUE,TRUE,TRUE,TRUE,FALSE,TRUE,10,11,1,2,1,2,10,12,2,0,950
13,110,1,0,FALSE,68,0,0,10,NA,17,12,12,10,NA,12,11,7,7,TRUE,TRUE,TRUE,TRUE,FALSE,TRUE,10,11,2,3,2,3,10,12,3,1,950
14,159,1,0,FALSE,102,0,0,10,NA,17,12,12,10,NA,12,11,7,7,TRUE,TRUE,TRUE,TRUE,FALSE,TRUE,10,11,3,4,3,4,10,12,4,2,950
15,258,1,0,FALSE,151,0,0,10,NA,17,12,12,10,NA,12,11,7,7,TRUE,TRUE,TRUE,TRUE,FALSE,TRUE,10,11,4,5,4,5,10,12,5,3,950
16,289,1,0,FALSE,166,0,0,10,NA,17,12,12,10,NA,12,11,7,7,TRUE,TRUE,TRUE,TRUE,FALSE,TRUE,10,11,5,6,5,6,10,12,6,4,950
17,324,2,0,FALSE,183,0,0,10,NA,17,12,12,10,NA,12,11,7,7,TRUE,TRUE,TRUE,TRUE,TRUE,TRUE,10,11,6,7,6,7,10,12,7,5,950
18,372,2,0,FALSE,210,NA,NA,10,NA,17,12,12,10,NA,12,11,7,7,TRUE,TRUE,TRUE,TRUE,TRUE,TRUE,10,11,7,8,7,8,10,12,8,6,950
6,11,0,0,FALSE,10,0,0,12,11,11,13,13,12,12,8,11,6,6,FALSE,FALSE,FALSE,FALSE,FALSE,FALSE,12,12,-6,-6,0,0,12,13,-6,-7,563
7,11,0,0,FALSE,10,0,0,12,11,11,13,13,12,12,8,11,6,6,FALSE,FALSE,FALSE,FALSE,FALSE,FALSE,12,12,-5,-5,0,0,12,13,-5,-6,563
8,15,1,0,FALSE,13,0,0,12,11,11,13,13,12,12,8,11,6,6,FALSE,FALSE,FALSE,FALSE,FALSE,TRUE,12,12,-4,-4,0,0,12,13,-4,-5,563
9,24,1,0,FALSE,18,0,0,12,11,11,13,13,12,12,8,11,6,6,FALSE,FALSE,FALSE,FALSE,FALSE,TRUE,12,12,-3,-3,0,0,12,13,-3,-4,563
10,31,1,0,FALSE,22,0,0,12,11,11,13,13,12,12,8,11,6,6,FALSE,FALSE,FALSE,FALSE,FALSE,TRUE,12,12,-2,-2,0,0,12,13,-2,-3,563
11,43,1,0,FALSE,32,2,1,12,11,11,13,13,12,12,8,11,6,6,FALSE,TRUE,FALSE,FALSE,TRUE,TRUE,12,12,-1,-1,0,0,12,13,-1,-2,563
12,48,2,1,FALSE,36,17,2,12,11,11,13,13,12,12,8,11,6,6,FALSE,TRUE,TRUE,TRUE,TRUE,TRUE,12,12,0,0,0,0,12,13,0,-1,563
13,62,2,1,FALSE,44,53,1,12,11,11,13,13,12,12,8,11,6,6,TRUE,TRUE,TRUE,TRUE,TRUE,TRUE,12,12,1,1,1,1,12,13,1,0,563
14,73,3,2,FALSE,53,21,4,12,11,11,13,13,12,12,8,11,6,6,TRUE,TRUE,TRUE,TRUE,TRUE,TRUE,12,12,2,2,2,2,12,13,2,1,563
15,87,3,2,FALSE,62,71,9,12,11,11,13,13,12,12,8,11,6,6,TRUE,TRUE,TRUE,TRUE,TRUE,TRUE,12,12,3,3,3,3,12,13,3,2,563
16,109,3,2,FALSE,79,278,7,12,11,11,13,13,12,12,8,11,6,6,TRUE,TRUE,TRUE,TRUE,TRUE,TRUE,12,12,4,4,4,4,12,13,4,3,563
17,135,21,10,FALSE,93,28,7,12,11,11,13,13,12,12,8,11,6,6,TRUE,TRUE,TRUE,TRUE,TRUE,TRUE,12,12,5,5,5,5,12,13,5,4,563
18,152,35,18,FALSE,98,NA,NA,12,11,11,13,13,12,12,8,11,6,6,TRUE,TRUE,TRUE,TRUE,TRUE,TRUE,12,12,6,6,6,6,12,13,6,5,563
6,75,0,0,FALSE,50,0,0,12,17,15,10,11,8,7,7,8,6,6,FALSE,FALSE,FALSE,FALSE,FALSE,FALSE,8,8,-2,-2,0,0,12,10,-6,-4,288
7,113,2,2,FALSE,73,0,0,12,17,15,10,11,8,7,7,8,6,6,FALSE,FALSE,FALSE,FALSE,FALSE,TRUE,8,8,-1,-1,0,0,12,10,-5,-3,288
8,191,3,2,FALSE,115,0,0,12,17,15,10,11,8,7,7,8,6,6,FALSE,TRUE,FALSE,TRUE,FALSE,TRUE,8,8,0,0,0,0,12,10,-4,-2,288
9,221,3,2,FALSE,131,0,0,12,17,15,10,11,8,7,7,8,6,6,FALSE,TRUE,FALSE,TRUE,FALSE,TRUE,8,8,1,1,1,1,12,10,-3,-1,288
10,256,4,2,FALSE,147,0,0,12,17,15,10,11,8,7,7,8,6,6,TRUE,TRUE,FALSE,TRUE,FALSE,TRUE,8,8,2,2,2,2,12,10,-2,0,288
11,262,9,4,FALSE,152,0,0,12,17,15,10,11,8,7,7,8,6,6,TRUE,TRUE,FALSE,TRUE,FALSE,TRUE,8,8,3,3,3,3,12,10,-1,1,288
12,274,16,8,FALSE,158,0,0,12,17,15,10,11,8,7,7,8,6,6,TRUE,TRUE,TRUE,TRUE,FALSE,TRUE,8,8,4,4,4,4,12,10,0,2,288
13,288,36,17,FALSE,165,0,0,12,17,15,10,11,8,7,7,8,6,6,TRUE,TRUE,TRUE,TRUE,FALSE,TRUE,8,8,5,5,5,5,12,10,1,3,288
14,314,36,17,FALSE,185,0,0,12,17,15,10,11,8,7,7,8,6,6,TRUE,TRUE,TRUE,TRUE,FALSE,TRUE,8,8,6,6,6,6,12,10,2,4,288
15,316,4,2,FALSE,186,0,0,12,17,15,10,11,8,7,7,8,6,6,TRUE,TRUE,TRUE,TRUE,TRUE,TRUE,8,8,7,7,7,7,12,10,3,5,288
16,336,4,2,FALSE,197,0,0,12,17,15,10,11,8,7,7,8,6,6,TRUE,TRUE,TRUE,TRUE,TRUE,TRUE,8,8,8,8,8,8,12,10,4,6,288
17,338,10,5,FALSE,199,13,2,12,17,15,10,11,8,7,7,8,6,6,TRUE,TRUE,TRUE,TRUE,TRUE,TRUE,8,8,9,9,9,9,12,10,5,7,288
18,338,12,7,FALSE,199,NA,NA,12,17,15,10,11,8,7,7,8,6,6,TRUE,TRUE,TRUE,TRUE,TRUE,TRUE,8,8,10,10,10,10,12,10,6,8,288
6,0,0,0,FALSE,0,0,0,8,11,9,14,15,11,11,11,13,11,11,FALSE,FALSE,FALSE,FALSE,FALSE,FALSE,11,13,-7,-5,0,0,8,14,-2,-8,220
7,0,0,0,FALSE,0,0,0,8,11,9,14,15,11,11,11,13,11,11,FALSE,FALSE,FALSE,FALSE,FALSE,FALSE,11,13,-6,-4,0,0,8,14,-1,-7,220
8,0,0,0,FALSE,0,0,0,8,11,9,14,15,11,11,11,13,11,11,FALSE,FALSE,TRUE,FALSE,FALSE,FALSE,11,13,-5,-3,0,0,8,14,0,-6,220
9,0,0,0,FALSE,0,0,0,8,11,9,14,15,11,11,11,13,11,11,FALSE,FALSE,TRUE,FALSE,TRUE,FALSE,11,13,-4,-2,0,0,8,14,1,-5,220
10,3,0,0,FALSE,2,0,0,8,11,9,14,15,11,11,11,13,11,11,FALSE,FALSE,TRUE,FALSE,TRUE,FALSE,11,13,-3,-1,0,0,8,14,2,-4,220
11,5,2,1,FALSE,2,3,1,8,11,9,14,15,11,11,11,13,11,11,FALSE,FALSE,TRUE,TRUE,TRUE,TRUE,11,13,-2,0,0,0,8,14,3,-3,220
13,15,4,3,FALSE,8,5,2,8,11,9,14,15,11,11,11,13,11,11,FALSE,TRUE,TRUE,TRUE,TRUE,TRUE,11,13,0,2,0,2,8,14,5,-1,220
14,16,4,3,FALSE,8,20,3,8,11,9,14,15,11,11,11,13,11,11,TRUE,TRUE,TRUE,TRUE,TRUE,TRUE,11,13,1,3,1,3,8,14,6,0,220
15,37,11,4,FALSE,18,2,2,8,11,9,14,15,11,11,11,13,11,11,TRUE,TRUE,TRUE,TRUE,TRUE,TRUE,11,13,2,4,2,4,8,14,7,1,220
16,43,11,4,FALSE,22,110,9,8,11,9,14,15,11,11,11,13,11,11,TRUE,TRUE,TRUE,TRUE,TRUE,TRUE,11,13,3,5,3,5,8,14,8,2,220
17,55,17,9,FALSE,29,78,7,8,11,9,14,15,11,11,11,13,11,11,TRUE,TRUE,TRUE,TRUE,TRUE,TRUE,11,13,4,6,4,6,8,14,9,3,220
18,70,29,17,FALSE,38,NA,NA,8,11,9,14,15,11,11,11,13,11,11,TRUE,TRUE,TRUE,TRUE,TRUE,TRUE,11,13,5,7,5,7,8,14,10,4,220
6,0,0,0,FALSE,0,0,0,16,12,10,12,12,13,12,12,11,7,7,FALSE,FALSE,FALSE,FALSE,FALSE,FALSE,13,12,-6,-7,0,0,16,12,-10,-6,465
7,10,0,0,FALSE,5,0,0,16,12,10,12,12,13,12,12,11,7,7,FALSE,FALSE,FALSE,FALSE,FALSE,FALSE,13,12,-5,-6,0,0,16,12,-9,-5,465
8,27,0,0,FALSE,18,0,0,16,12,10,12,12,13,12,12,11,7,7,FALSE,FALSE,FALSE,FALSE,FALSE,FALSE,13,12,-4,-5,0,0,16,12,-8,-4,465
9,30,0,0,FALSE,20,0,0,16,12,10,12,12,13,12,12,11,7,7,FALSE,FALSE,FALSE,FALSE,FALSE,FALSE,13,12,-3,-4,0,0,16,12,-7,-3,465
10,34,0,0,FALSE,23,0,0,16,12,10,12,12,13,12,12,11,7,7,FALSE,FALSE,FALSE,FALSE,TRUE,FALSE,13,12,-2,-3,0,0,16,12,-6,-2,465
11,48,0,0,FALSE,29,0,0,16,12,10,12,12,13,12,12,11,7,7,FALSE,TRUE,FALSE,FALSE,TRUE,FALSE,13,12,-1,-2,0,0,16,12,-5,-1,465
12,74,2,1,FALSE,44,1,1,16,12,10,12,12,13,12,12,11,7,7,TRUE,TRUE,FALSE,FALSE,TRUE,TRUE,13,12,0,-1,0,0,16,12,-4,0,465
13,112,2,1,FALSE,68,0,0,16,12,10,12,12,13,12,12,11,7,7,TRUE,TRUE,FALSE,TRUE,TRUE,TRUE,13,12,1,0,1,0,16,12,-3,1,465
14,146,6,1,FALSE,81,0,0,16,12,10,12,12,13,12,12,11,7,7,TRUE,TRUE,FALSE,TRUE,TRUE,TRUE,13,12,2,1,2,1,16,12,-2,2,465
15,167,14,7,FALSE,95,9,2,16,12,10,12,12,13,12,12,11,7,7,TRUE,TRUE,FALSE,TRUE,TRUE,TRUE,13,12,3,2,3,2,16,12,-1,3,465
16,179,17,10,FALSE,103,32,6,16,12,10,12,12,13,12,12,11,7,7,TRUE,TRUE,TRUE,TRUE,TRUE,TRUE,13,12,4,3,4,3,16,12,0,4,465
17,213,26,15,FALSE,122,76,11,16,12,10,12,12,13,12,12,11,7,7,TRUE,TRUE,TRUE,TRUE,TRUE,TRUE,13,12,5,4,5,4,16,12,1,5,465
18,255,29,17,FALSE,147,NA,NA,16,12,10,12,12,13,12,12,11,7,7,TRUE,TRUE,TRUE,TRUE,TRUE,TRUE,13,12,6,5,6,5,16,12,2,6,465
6,66,0,0,FALSE,33,0,0,12,13,13,16,16,9,8,7,15,6,6,FALSE,FALSE,FALSE,FALSE,FALSE,FALSE,9,16,-10,-3,0,0,12,16,-6,-10,357
7,74,1,0,FALSE,36,0,0,12,13,13,16,16,9,8,7,15,6,6,FALSE,FALSE,FALSE,FALSE,FALSE,TRUE,9,16,-9,-2,0,0,12,16,-5,-9,357
8,124,2,1,FALSE,69,0,0,12,13,13,16,16,9,8,7,15,6,6,FALSE,FALSE,FALSE,FALSE,FALSE,TRUE,9,16,-8,-1,0,0,12,16,-4,-8,357
9,189,2,1,FALSE,104,0,0,12,13,13,16,16,9,8,7,15,6,6,FALSE,FALSE,FALSE,TRUE,FALSE,TRUE,9,16,-7,0,0,0,12,16,-3,-7,357
10,233,2,1,FALSE,132,0,0,12,13,13,16,16,9,8,7,15,6,6,FALSE,FALSE,FALSE,TRUE,FALSE,TRUE,9,16,-6,1,0,1,12,16,-2,-6,357
11,274,2,1,FALSE,153,0,0,12,13,13,16,16,9,8,7,15,6,6,FALSE,FALSE,FALSE,TRUE,FALSE,TRUE,9,16,-5,2,0,2,12,16,-1,-5,357
12,287,2,1,FALSE,158,0,0,12,13,13,16,16,9,8,7,15,6,6,FALSE,FALSE,TRUE,TRUE,FALSE,TRUE,9,16,-4,3,0,3,12,16,0,-4,357
13,313,4,2,FALSE,174,1,1,12,13,13,16,16,9,8,7,15,6,6,FALSE,FALSE,TRUE,TRUE,TRUE,TRUE,9,16,-3,4,0,4,12,16,1,-3,357
14,334,16,7,FALSE,184,1,1,12,13,13,16,16,9,8,7,15,6,6,FALSE,FALSE,TRUE,TRUE,TRUE,TRUE,9,16,-2,5,0,5,12,16,2,-2,357
15,361,24,9,FALSE,202,0,0,12,13,13,16,16,9,8,7,15,6,6,FALSE,TRUE,TRUE,TRUE,TRUE,TRUE,9,16,-1,6,0,6,12,16,3,-1,357
16,376,28,10,FALSE,211,1,1,12,13,13,16,16,9,8,7,15,6,6,TRUE,TRUE,TRUE,TRUE,TRUE,TRUE,9,16,0,7,0,7,12,16,4,0,357
17,384,33,12,FALSE,218,1,1,12,13,13,16,16,9,8,7,15,6,6,TRUE,TRUE,TRUE,TRUE,TRUE,TRUE,9,16,1,8,1,8,12,16,5,1,357
18,385,40,16,FALSE,219,NA,NA,12,13,13,16,16,9,8,7,15,6,6,TRUE,TRUE,TRUE,TRUE,TRUE,TRUE,9,16,2,9,2,9,12,16,6,2,357
6,2,0,0,FALSE,2,0,0,8,10,10,14,14,7,7,7,14,6,6,FALSE,FALSE,FALSE,FALSE,FALSE,FALSE,7,14,-8,-1,0,0,8,14,-2,-8,521
7,10,2,2,FALSE,6,0,0,8,10,10,14,14,7,7,7,14,6,6,FALSE,FALSE,FALSE,TRUE,FALSE,TRUE,7,14,-7,0,0,0,8,14,-1,-7,521
8,34,2,2,FALSE,19,0,0,8,10,10,14,14,7,7,7,14,6,6,FALSE,FALSE,TRUE,TRUE,FALSE,TRUE,7,14,-6,1,0,1,8,14,0,-6,521
9,41,4,4,FALSE,25,0,0,8,10,10,14,14,7,7,7,14,6,6,FALSE,FALSE,TRUE,TRUE,FALSE,TRUE,7,14,-5,2,0,2,8,14,1,-5,521
10,48,10,7,FALSE,29,1,1,8,10,10,14,14,7,7,7,14,6,6,FALSE,FALSE,TRUE,TRUE,TRUE,TRUE,7,14,-4,3,0,3,8,14,2,-4,521
11,95,16,10,FALSE,55,12,5,8,10,10,14,14,7,7,7,14,6,6,FALSE,FALSE,TRUE,TRUE,TRUE,TRUE,7,14,-3,4,0,4,8,14,3,-3,521
12,127,22,13,FALSE,70,37,11,8,10,10,14,14,7,7,7,14,6,6,FALSE,FALSE,TRUE,TRUE,TRUE,TRUE,7,14,-2,5,0,5,8,14,4,-2,521
13,221,38,20,FALSE,118,55,8,8,10,10,14,14,7,7,7,14,6,6,FALSE,FALSE,TRUE,TRUE,TRUE,TRUE,7,14,-1,6,0,6,8,14,5,-1,521
14,242,77,48,FALSE,130,62,18,8,10,10,14,14,7,7,7,14,6,6,TRUE,TRUE,TRUE,TRUE,TRUE,TRUE,7,14,0,7,0,7,8,14,6,0,521
15,264,110,74,FALSE,144,116,25,8,10,10,14,14,7,7,7,14,6,6,TRUE,TRUE,TRUE,TRUE,TRUE,TRUE,7,14,1,8,1,8,8,14,7,1,521
16,286,143,93,FALSE,157,213,39,8,10,10,14,14,7,7,7,14,6,6,TRUE,TRUE,TRUE,TRUE,TRUE,TRUE,7,14,2,9,2,9,8,14,8,2,521
17,316,191,124,FALSE,176,154,54,8,10,10,14,14,7,7,7,14,6,6,TRUE,TRUE,TRUE,TRUE,TRUE,TRUE,7,14,3,10,3,10,8,14,9,3,521
18,336,232,150,FALSE,190,NA,NA,8,10,10,14,14,7,7,7,14,6,6,TRUE,TRUE,TRUE,TRUE,TRUE,TRUE,7,14,4,11,4,11,8,14,10,4,521
6,5,0,0,FALSE,2,0,0,11,15,15,15,15,7,14,12,14,6,6,FALSE,FALSE,FALSE,FALSE,FALSE,FALSE,7,14,-8,-1,0,0,11,15,-5,-9,274
7,53,0,0,FALSE,26,0,0,11,15,15,15,15,7,14,12,14,6,6,FALSE,FALSE,FALSE,TRUE,FALSE,FALSE,7,14,-7,0,0,0,11,15,-4,-8,274
8,77,0,0,FALSE,39,0,0,11,15,15,15,15,7,14,12,14,6,6,FALSE,FALSE,FALSE,TRUE,FALSE,FALSE,7,14,-6,1,0,1,11,15,-3,-7,274
9,102,0,0,FALSE,58,0,0,11,15,15,15,15,7,14,12,14,6,6,FALSE,FALSE,FALSE,TRUE,FALSE,FALSE,7,14,-5,2,0,2,11,15,-2,-6,274
10,158,0,0,FALSE,97,0,0,11,15,15,15,15,7,14,12,14,6,6,FALSE,FALSE,FALSE,TRUE,FALSE,FALSE,7,14,-4,3,0,3,11,15,-1,-5,274
11,192,0,0,FALSE,120,0,0,11,15,15,15,15,7,14,12,14,6,6,FALSE,FALSE,TRUE,TRUE,FALSE,FALSE,7,14,-3,4,0,4,11,15,0,-4,274
12,219,2,0,FALSE,138,0,0,11,15,15,15,15,7,14,12,14,6,6,FALSE,FALSE,TRUE,TRUE,FALSE,TRUE,7,14,-2,5,0,5,11,15,1,-3,274
13,239,8,0,FALSE,149,0,0,11,15,15,15,15,7,14,12,14,6,6,FALSE,FALSE,TRUE,TRUE,FALSE,TRUE,7,14,-1,6,0,6,11,15,2,-2,274
14,254,32,2,FALSE,159,0,0,11,15,15,15,15,7,14,12,14,6,6,FALSE,TRUE,TRUE,TRUE,FALSE,TRUE,7,14,0,7,0,7,11,15,3,-1,274
15,296,37,2,FALSE,187,1,1,11,15,15,15,15,7,14,12,14,6,6,TRUE,TRUE,TRUE,TRUE,TRUE,TRUE,7,14,1,8,1,8,11,15,4,0,274
16,309,40,4,FALSE,191,1,1,11,15,15,15,15,7,14,12,14,6,6,TRUE,TRUE,TRUE,TRUE,TRUE,TRUE,7,14,2,9,2,9,11,15,5,1,274
17,330,63,23,FALSE,193,19,2,11,15,15,15,15,7,14,12,14,6,6,TRUE,TRUE,TRUE,TRUE,TRUE,TRUE,7,14,3,10,3,10,11,15,6,2,274
18,335,138,84,FALSE,197,NA,NA,11,15,15,15,15,7,14,12,14,6,6,TRUE,TRUE,TRUE,TRUE,TRUE,TRUE,7,14,4,11,4,11,11,15,7,3,274
9,NA,NA,NA,TRUE,NA,1,1,12,9,9,14,14,16,16,13,13,10,12,FALSE,FALSE,FALSE,FALSE,TRUE,FALSE,16,16,-7,-7,0,0,12,14,-3,-5,626
14,NA,NA,NA,TRUE,NA,0,0,12,9,9,14,14,16,16,13,13,10,12,TRUE,TRUE,TRUE,FALSE,TRUE,TRUE,16,16,-2,-2,0,0,12,14,2,0,626
15,NA,NA,NA,TRUE,NA,18,2,12,9,9,14,14,16,16,13,13,10,12,TRUE,TRUE,TRUE,FALSE,TRUE,TRUE,16,16,-1,-1,0,0,12,14,3,1,626
17,NA,NA,NA,TRUE,NA,5,1,12,9,9,14,14,16,16,13,13,10,12,TRUE,TRUE,TRUE,TRUE,TRUE,TRUE,16,16,1,1,1,1,12,14,5,3,626
18,NA,NA,NA,TRUE,NA,NA,NA,14,13,12,11,11,7,9,9,9,7,7,TRUE,TRUE,TRUE,TRUE,TRUE,TRUE,6,10,8,12,8,12,14,11,4,7,342
16,NA,NA,NA,TRUE,NA,0,0,8,17,13,13,13,11,14,14,13,6,6,TRUE,TRUE,TRUE,TRUE,TRUE,TRUE,10,13,3,6,3,6,8,13,8,3,172
17,NA,NA,NA,TRUE,NA,1,1,8,17,13,13,13,11,14,14,13,6,6,TRUE,TRUE,TRUE,TRUE,TRUE,TRUE,10,13,4,7,4,7,8,13,9,4,172
18,NA,NA,NA,TRUE,NA,NA,NA,14,15,14,12,12,8,12,12,10,8,8,TRUE,TRUE,TRUE,TRUE,TRUE,TRUE,8,10,8,10,8,10,14,12,4,6,986
7,NA,NA,NA,TRUE,NA,0,0,16,12,12,13,13,11,12,12,12,6,6,FALSE,FALSE,FALSE,FALSE,FALSE,FALSE,10,12,-5,-3,0,0,16,13,-9,-6,625
16,NA,NA,NA,TRUE,NA,39,10,16,12,12,13,13,11,12,12,12,6,6,TRUE,TRUE,TRUE,TRUE,TRUE,TRUE,10,12,4,6,4,6,16,13,0,3,625
17,NA,NA,NA,TRUE,NA,86,14,16,12,12,13,13,11,12,12,12,6,6,TRUE,TRUE,TRUE,TRUE,TRUE,TRUE,10,12,5,7,5,7,16,13,1,4,625
18,NA,NA,NA,TRUE,NA,NA,NA,16,12,12,13,13,11,12,12,12,6,6,TRUE,TRUE,TRUE,TRUE,TRUE,TRUE,10,12,6,8,6,8,16,13,2,5,625
9,NA,NA,NA,TRUE,NA,0,0,14,14,9,12,13,14,12,10,11,6,6,FALSE,FALSE,FALSE,FALSE,TRUE,FALSE,13,11,-2,-4,0,0,14,12,-5,-3,944
17,NA,NA,NA,TRUE,NA,0,0,14,14,9,12,13,14,12,10,11,6,6,TRUE,TRUE,TRUE,TRUE,TRUE,TRUE,13,11,6,4,6,4,14,12,3,5,944
18,NA,NA,NA,TRUE,NA,NA,NA,14,14,9,12,13,14,12,10,11,6,6,TRUE,TRUE,TRUE,TRUE,TRUE,TRUE,13,11,7,5,7,5,14,12,4,6,944
12,NA,NA,NA,TRUE,NA,0,0,10,11,11,12,12,10,13,12,11,6,6,TRUE,TRUE,TRUE,TRUE,TRUE,TRUE,10,11,1,2,1,2,10,12,2,0,518
12,NA,NA,NA,TRUE,NA,0,0,10,16,14,12,13,12,14,12,12,6,6,TRUE,TRUE,TRUE,TRUE,FALSE,TRUE,11,14,-2,1,0,1,10,12,2,0,151
13,NA,NA,NA,TRUE,NA,0,0,10,16,14,12,13,12,14,12,12,6,6,TRUE,TRUE,TRUE,TRUE,FALSE,TRUE,11,14,-1,2,0,2,10,12,3,1,151
17,NA,NA,NA,TRUE,NA,2,2,10,16,14,12,13,12,14,12,12,6,6,TRUE,TRUE,TRUE,TRUE,TRUE,TRUE,11,14,3,6,3,6,10,12,7,5,151
18,NA,NA,NA,TRUE,NA,NA,NA,10,16,14,12,13,12,14,12,12,6,6,TRUE,TRUE,TRUE,TRUE,TRUE,TRUE,11,14,4,7,4,7,10,12,8,6,151
8,NA,NA,NA,TRUE,NA,0,0,8,16,10,11,11,6,NA,14,11,6,6,FALSE,FALSE,TRUE,TRUE,FALSE,FALSE,6,11,-3,2,0,2,8,11,0,-3,893
15,NA,NA,NA,TRUE,NA,1,1,8,16,10,11,11,6,NA,14,11,6,6,TRUE,TRUE,TRUE,TRUE,TRUE,TRUE,6,11,4,9,4,9,8,11,7,4,893
17,NA,NA,NA,TRUE,NA,52,3,8,16,10,11,11,6,NA,14,11,6,6,TRUE,TRUE,TRUE,TRUE,TRUE,TRUE,6,11,6,11,6,11,8,11,9,6,893
18,NA,NA,NA,TRUE,NA,NA,NA,8,16,10,11,11,6,NA,14,11,6,6,TRUE,TRUE,TRUE,TRUE,TRUE,TRUE,6,11,7,12,7,12,8,11,10,7,893
18,NA,NA,NA,TRUE,NA,NA,NA,16,12,11,12,12,13,12,12,12,NA,NA,TRUE,TRUE,TRUE,TRUE,TRUE,TRUE,13,12,6,5,6,5,16,12,2,6,424
18,NA,NA,NA,TRUE,NA,NA,NA,10,10,10,12,13,12,12,12,12,NA,NA,TRUE,TRUE,TRUE,TRUE,TRUE,TRUE,12,12,6,6,6,6,10,12,8,6,351
12,NA,NA,NA,TRUE,NA,0,0,8,11,9,14,15,11,11,11,13,11,11,FALSE,FALSE,TRUE,TRUE,TRUE,TRUE,11,13,-1,1,0,1,8,14,4,-2,220
